Company_ID,Industry_Type,Historical_Sales,Growth_Rate,Employee_Count,Economic_Reports,Market_Competition_Level,Market_Sentiment,Risk_Tolerance,Innovation_Level,Investment_Availability,Key_Feature_1,Key_Feature_2,Predicted_Market_Trend,Model_Confidence
1,Healthcare,768406,0.19,492,0.71,Low,-0.73,4,Low,414735,0.06,0.85,Decline,0.89
2,Retail,3768866,-0.09,886,0.67,Medium,-0.45,4,Medium,441758,0.14,0.06,Growth,0.82
3,Healthcare,4712338,-0.04,62,0.7,High,-0.91,2,High,77213,0.7,0.03,Decline,0.95
4,Healthcare,2953406,-0.1,992,0.63,Low,0.86,5,Low,107450,0.14,0.26,Growth,0.87
5,Retail,1133255,0.09,543,0.6,High,0.32,4,High,447693,0.64,0.9,Stable,0.71
6,Retail,3152766,0.17,750,0.74,High,0.49,1,Medium,636510,0.05,0.82,Stable,0.75
7,Healthcare,640677,-0.03,336,0.63,Low,-0.38,8,High,974037,0.41,0.68,Growth,0.96
8,Tech,3194235,0.18,769,0.64,High,0.69,3,Low,568728,0.18,0.7,Stable,0.87
9,Healthcare,1271459,-0.08,163,0.83,High,-0.48,6,High,728756,0.11,0.73,Decline,0.99
10,Healthcare,2959653,0.18,529,0.98,Low,-1.0,4,High,62755,0.57,0.94,Growth,0.72
11,Healthcare,2066197,0.01,71,0.8,High,-0.25,9,Low,706225,0.93,0.83,Growth,0.79
12,Healthcare,487952,-0.07,398,0.54,Medium,0.14,7,Low,192245,0.05,0.62,Decline,0.76
13,Retail,2309373,0.05,775,0.54,High,-0.04,9,High,239977,0.42,0.67,Decline,0.87
14,Healthcare,4247703,-0.02,732,0.98,Medium,0.72,10,High,219169,0.71,0.21,Growth,0.81
15,Tech,1130117,-0.01,884,0.65,High,-0.79,3,Medium,345515,0.46,0.66,Decline,0.75
16,Retail,2996818,-0.01,615,0.55,Low,0.11,1,Low,285132,0.81,0.42,Growth,0.89
17,Tech,2457821,0.14,955,0.8,Low,0.03,5,High,454470,0.18,0.15,Decline,0.86
18,Tech,625134,0.06,859,0.81,High,-0.44,3,Low,185090,0.96,0.81,Growth,0.78
19,Tech,344761,-0.01,369,0.82,Low,0.64,6,Medium,841624,0.39,0.51,Decline,0.84
20,Tech,3030098,0.08,175,0.63,High,0.51,8,High,838447,0.34,0.98,Decline,0.92
21,Retail,3071820,0.11,326,0.51,Low,0.47,4,High,944586,0.87,0.28,Stable,0.76
22,Retail,164323,-0.02,253,0.98,Medium,0.75,5,High,774276,0.56,0.48,Stable,0.79
23,Tech,1337715,0.02,243,0.63,High,0.45,5,Low,602631,0.52,0.45,Stable,0.8
24,Tech,1054480,-0.06,730,0.84,Medium,-0.54,4,Medium,905738,0.73,0.12,Decline,0.92
25,Retail,2432811,-0.05,713,0.85,Medium,0.41,4,Low,55829,0.58,0.43,Growth,0.95
26,Retail,954016,0.1,596,0.81,High,-0.38,4,High,608669,0.16,0.29,Decline,0.81
27,Retail,964909,-0.05,745,0.66,Medium,-0.52,4,Medium,947883,0.67,0.16,Stable,0.79
28,Healthcare,1150493,0.06,335,0.64,High,-0.85,4,High,262153,0.13,0.28,Decline,0.97
29,Healthcare,382762,0.11,106,0.8,Medium,0.49,5,High,330407,0.81,0.23,Stable,1.0
30,Healthcare,1705118,-0.07,783,0.93,High,0.42,2,Low,809036,0.99,0.73,Stable,0.9
31,Tech,2983427,0.07,352,0.97,High,-0.53,2,High,496476,0.38,0.03,Growth,1.0
32,Healthcare,1516012,-0.02,212,0.55,Low,0.5,9,Medium,534427,0.44,0.62,Growth,0.9
33,Tech,671650,0.19,68,0.58,High,0.84,2,High,370562,0.05,0.76,Stable,0.92
34,Tech,4576576,0.05,419,0.97,High,-0.78,6,High,796258,0.01,0.48,Stable,0.82
35,Healthcare,485925,0.14,313,0.87,Medium,-0.53,2,Low,574436,0.92,0.93,Decline,0.83
36,Tech,2963793,0.07,843,0.94,High,0.5,5,Medium,969258,0.13,0.71,Stable,0.74
37,Healthcare,3857974,-0.09,162,0.6,Low,-0.45,4,Low,863177,0.45,0.75,Decline,0.95
38,Healthcare,503081,0.09,537,0.79,Medium,0.25,7,High,647202,0.82,0.2,Stable,0.98
39,Retail,2499105,0.19,376,0.85,Medium,-0.84,7,Low,555111,0.89,0.78,Growth,0.89
40,Healthcare,478892,0.08,591,0.84,Low,-0.1,6,Low,987644,0.52,0.83,Growth,0.8
41,Retail,4299591,0.15,696,0.7,Medium,0.48,10,Low,110653,0.57,0.36,Stable,0.75
42,Healthcare,3254240,0.17,628,0.51,Medium,0.37,5,Low,797895,0.67,0.21,Decline,0.78
43,Healthcare,756702,-0.03,114,0.79,Medium,0.63,1,High,242593,0.96,0.39,Decline,0.78
44,Retail,3354600,-0.04,341,0.63,Medium,0.75,3,High,390459,0.6,0.74,Decline,0.88
45,Retail,2085296,0.08,74,0.73,Low,0.55,9,Medium,343219,0.56,0.42,Stable,0.98
46,Healthcare,2290222,0.02,598,0.98,Low,0.34,1,Low,998201,0.01,0.74,Stable,0.71
47,Tech,3849783,0.15,50,0.7,Medium,-0.94,5,Low,59795,0.08,0.11,Growth,0.7
48,Retail,2819269,0.17,960,0.92,Medium,0.07,2,Medium,638843,0.58,0.81,Growth,0.88
49,Tech,4902116,0.01,598,0.59,Low,-0.92,4,Low,285068,0.94,0.25,Stable,0.79
50,Tech,2424797,-0.03,190,0.84,Low,0.62,1,Medium,512970,0.87,0.25,Growth,0.96
51,Tech,886667,0.13,793,0.99,Low,-0.36,3,High,677395,0.98,0.59,Decline,0.8
52,Retail,1453649,-0.02,697,0.55,Medium,0.12,10,Medium,363673,0.53,0.07,Decline,0.79
53,Tech,1812503,0.15,950,0.5,Medium,-0.44,7,Low,979176,0.79,0.03,Stable,0.78
54,Retail,3085418,0.03,237,0.72,High,0.57,10,Medium,497454,0.84,0.26,Decline,0.74
55,Tech,3709736,0.1,177,0.55,Low,0.77,3,High,801938,0.65,0.54,Stable,0.87
56,Healthcare,1484418,-0.07,250,0.87,Medium,-0.2,4,Low,217022,0.34,0.91,Decline,0.75
57,Healthcare,486594,0.09,176,0.96,Low,0.73,2,High,61009,0.47,0.85,Stable,0.83
58,Retail,2969760,0.04,306,0.72,Medium,-0.47,3,High,228168,0.86,0.49,Decline,0.84
59,Healthcare,3906503,0.08,725,0.63,Low,0.07,9,Medium,724904,0.3,0.04,Decline,0.71
60,Healthcare,3937247,-0.05,596,0.72,Medium,0.72,3,High,603669,0.92,0.54,Growth,0.71
61,Tech,1192501,0.12,243,0.86,High,-0.35,5,Low,439913,0.23,0.7,Growth,0.86
62,Retail,237023,0.16,752,0.5,High,0.91,2,High,992791,0.75,0.34,Growth,0.91
63,Tech,1235964,-0.03,153,0.79,Low,-0.76,4,High,376754,0.63,0.11,Growth,0.98
64,Tech,4826599,-0.07,584,0.81,Medium,-0.96,7,Medium,118122,0.75,0.28,Growth,0.75
65,Tech,1583624,-0.09,314,0.82,Medium,0.81,7,High,380328,0.44,0.77,Growth,0.73
66,Tech,2255748,0.09,851,0.62,Low,-0.86,3,Medium,483297,0.93,0.35,Stable,0.72
67,Tech,2056109,0.08,991,0.86,Medium,0.98,5,Medium,264709,0.63,0.81,Stable,0.83
68,Tech,3145179,0.06,433,0.55,Low,0.9,1,Low,661516,0.29,0.32,Growth,0.89
69,Tech,4025282,-0.03,309,0.6,Medium,-0.73,10,Low,909375,0.64,0.16,Stable,0.95
70,Retail,973172,0.02,463,0.94,Low,0.08,10,Low,655058,0.29,0.44,Growth,0.9
71,Healthcare,3785540,0.08,407,0.87,Medium,-0.63,10,Low,102726,0.29,0.45,Stable,0.76
72,Tech,622244,0.05,124,0.51,Low,-0.14,1,Medium,465427,0.4,0.02,Decline,0.84
73,Tech,4973594,0.2,404,0.62,Medium,-0.88,5,High,996984,0.85,0.12,Stable,0.97
74,Tech,4163309,-0.06,633,0.61,High,-0.55,10,Low,884212,0.5,0.18,Stable,0.8
75,Tech,1162636,0.11,820,0.64,Medium,-0.27,9,Low,238210,0.68,0.11,Stable,0.85
76,Tech,1886921,0.02,959,0.62,Low,-0.12,1,Low,795742,0.39,0.34,Decline,0.99
77,Tech,929735,0.03,237,0.53,High,0.95,1,High,354647,0.26,0.96,Growth,0.92
78,Healthcare,3436007,0.12,734,0.73,Medium,0.62,4,Low,894325,0.95,0.51,Stable,0.92
79,Healthcare,3930375,0.11,339,0.87,High,0.47,4,High,227265,0.6,0.63,Stable,0.78
80,Tech,4629788,0.2,94,0.8,Medium,0.07,2,Medium,819362,0.93,0.36,Decline,0.82
81,Healthcare,2662469,-0.06,622,0.84,High,0.68,9,Medium,570759,0.2,0.32,Growth,0.72
82,Retail,3186176,-0.07,132,0.54,Low,-0.32,9,Medium,897790,0.15,0.02,Stable,0.88
83,Tech,3395374,0.12,172,0.98,Medium,0.42,2,High,130857,0.86,0.5,Decline,0.73
84,Retail,4983680,0.07,407,0.92,Medium,0.99,9,Low,432601,0.68,0.48,Growth,0.95
85,Retail,3781262,-0.02,577,0.9,Low,-0.37,6,Low,989621,0.19,0.16,Growth,0.94
86,Tech,4733078,-0.08,115,0.91,High,0.35,8,Low,309405,0.27,0.76,Stable,0.86
87,Healthcare,2709089,-0.07,985,0.97,Low,0.69,10,Low,240128,0.8,0.49,Stable,0.74
88,Retail,2608749,0.17,706,0.77,Low,0.83,4,Low,692216,0.45,0.34,Stable,0.71
89,Tech,1014228,-0.04,424,0.6,High,0.44,2,High,632994,0.67,0.15,Stable,0.94
90,Retail,1053959,-0.0,211,0.81,Low,-0.43,2,Medium,976980,0.32,0.55,Decline,0.88
91,Retail,2289415,-0.03,795,0.87,Medium,-0.35,9,Low,394950,0.38,0.75,Decline,0.91
92,Retail,1727781,0.01,429,0.87,Medium,-0.96,1,Medium,629294,0.99,0.28,Stable,0.79
93,Retail,3469538,-0.08,705,0.76,Medium,0.52,7,High,661526,0.25,0.22,Growth,0.85
94,Healthcare,3342374,0.06,407,0.53,Low,-0.91,3,High,298018,0.51,0.52,Stable,0.92
95,Retail,445266,-0.08,237,0.69,Medium,0.73,3,Low,513134,0.84,0.16,Growth,0.84
96,Retail,4056679,0.14,371,0.96,Medium,-0.76,2,High,768515,0.24,0.67,Growth,0.88
97,Retail,1638601,-0.03,499,0.79,Medium,-0.66,10,Medium,882230,0.42,0.61,Growth,0.94
98,Healthcare,2677855,0.06,523,0.77,Medium,-0.05,6,Low,127271,0.62,0.09,Decline,0.76
99,Retail,3171475,0.16,62,0.63,Medium,0.48,10,Low,866609,0.48,0.04,Growth,0.72
100,Retail,4637358,0.1,233,0.68,Medium,-0.72,2,Medium,539464,0.46,0.62,Growth,0.86
101,Healthcare,4103484,0.06,160,0.95,Low,-0.12,10,Low,440166,0.36,0.29,Decline,0.72
102,Healthcare,1207955,-0.0,976,0.83,Medium,-0.03,4,Low,565631,0.59,0.09,Growth,0.93
103,Healthcare,3902010,-0.0,557,0.89,Medium,-0.58,10,Medium,966588,0.62,0.76,Growth,0.92
104,Retail,2032728,0.1,339,0.73,High,-0.77,9,Low,394359,0.65,0.31,Stable,0.96
105,Healthcare,1999492,0.2,344,0.82,Low,0.67,9,Low,93013,0.07,0.46,Growth,0.89
106,Healthcare,2461632,0.1,500,0.62,Low,0.0,6,Medium,656888,0.63,0.24,Growth,0.72
107,Retail,1514397,0.07,953,0.85,Low,-0.97,4,High,408243,0.95,0.63,Growth,0.78
108,Healthcare,3277993,0.12,264,0.71,Low,0.61,7,Medium,365594,0.54,0.3,Growth,0.94
109,Retail,3231209,0.04,681,0.72,Medium,0.96,1,Low,491144,0.72,0.97,Growth,0.75
110,Tech,1323520,-0.08,943,0.82,Medium,0.21,4,Medium,434784,0.56,0.7,Decline,0.91
111,Healthcare,4157893,0.07,616,0.97,High,0.01,5,Low,928835,0.85,0.14,Growth,0.93
112,Tech,3317635,0.19,76,0.53,High,0.76,8,Low,488598,0.93,0.42,Growth,0.8
113,Retail,2400119,-0.05,679,0.91,Low,0.91,2,Medium,673578,0.18,0.39,Decline,0.8
114,Healthcare,1999443,0.11,782,0.65,High,0.51,5,Low,266110,0.44,0.53,Decline,0.87
115,Retail,3548503,-0.04,280,0.72,High,-0.11,6,High,181832,0.39,0.84,Growth,0.96
116,Tech,1539758,0.06,614,0.51,Low,0.18,5,Low,74142,0.41,0.58,Growth,0.77
117,Retail,1905468,-0.07,856,0.65,Low,0.4,9,Medium,422333,0.13,0.06,Growth,0.98
118,Healthcare,3527975,0.04,370,0.75,High,-0.61,10,High,943964,0.81,0.66,Stable,0.88
119,Healthcare,226108,0.13,962,0.53,Medium,-0.11,1,High,984794,0.04,0.01,Stable,1.0
120,Tech,3260110,0.0,282,0.75,High,0.66,3,Low,181436,0.53,0.78,Growth,0.73
121,Retail,3330019,0.1,719,0.96,High,0.31,2,Medium,893353,0.66,0.67,Decline,0.74
122,Healthcare,1807692,0.14,486,0.55,Medium,-0.18,3,Low,331941,0.21,0.31,Growth,0.95
123,Tech,2180154,0.18,830,0.88,Medium,0.33,10,Low,287403,0.91,0.29,Decline,0.96
124,Healthcare,2344702,-0.03,582,0.7,Low,-0.76,9,Medium,606823,0.84,0.8,Decline,0.83
125,Healthcare,3477778,0.02,452,0.83,Low,-0.2,9,Medium,358444,0.47,0.78,Decline,0.91
126,Retail,2630034,-0.05,102,0.63,High,0.59,10,Low,883608,0.41,0.35,Growth,0.96
127,Healthcare,4632131,0.2,836,0.58,Medium,-0.56,2,High,66105,0.24,0.3,Growth,0.71
128,Retail,2792755,0.18,362,0.58,Low,-0.63,3,Low,713299,0.73,0.56,Decline,0.87
129,Healthcare,488349,0.06,330,0.54,High,0.9,4,High,653760,0.13,0.01,Stable,0.96
130,Tech,1162729,0.15,775,0.59,Medium,-0.58,9,Low,747389,0.68,0.08,Stable,0.82
131,Healthcare,3224071,0.06,80,0.83,High,-0.48,3,Medium,721223,0.84,0.13,Stable,0.79
132,Retail,3486501,0.09,386,0.94,Low,0.94,7,High,128097,0.23,0.19,Decline,0.94
133,Retail,2079079,-0.07,232,0.91,Low,0.47,3,Medium,311674,0.87,0.51,Growth,0.8
134,Tech,4688334,0.13,72,0.84,Medium,0.4,7,Medium,191519,0.03,0.99,Decline,0.7
135,Healthcare,3622905,-0.06,593,0.56,High,0.71,7,Medium,670448,0.91,0.65,Stable,0.99
136,Healthcare,176077,0.15,495,0.64,Medium,-0.77,9,Medium,96940,0.12,0.06,Growth,0.88
137,Tech,4427819,0.13,123,0.65,Low,0.41,2,Medium,783307,0.65,0.53,Decline,0.95
138,Healthcare,1355564,0.11,59,0.62,Low,0.01,6,Low,135001,0.25,0.5,Decline,0.95
139,Healthcare,2008327,-0.09,533,0.76,High,0.66,9,High,809112,0.84,0.14,Stable,0.72
140,Retail,225885,-0.01,505,0.77,High,0.02,2,Low,725002,0.51,0.92,Decline,0.75
141,Healthcare,641656,-0.02,615,0.68,High,0.24,2,Low,802158,0.14,0.44,Growth,0.79
142,Healthcare,770688,0.01,613,0.68,Medium,-0.04,5,Low,801259,0.57,0.99,Stable,0.8
143,Tech,2385166,-0.07,709,0.91,High,-0.04,10,Medium,248715,0.41,0.42,Stable,0.9
144,Tech,4524507,0.18,209,0.89,High,0.54,10,Low,57928,0.66,0.61,Growth,0.89
145,Retail,2151531,0.07,931,0.65,Low,0.26,10,High,622290,0.88,0.1,Stable,0.85
146,Healthcare,2892427,-0.01,63,0.96,Low,0.27,8,Low,396997,0.41,0.45,Decline,0.76
147,Healthcare,3020803,0.02,227,0.98,High,-0.1,9,Medium,688902,0.29,0.24,Decline,0.81
148,Healthcare,3457679,0.03,461,0.66,High,0.06,2,High,167517,0.01,0.84,Stable,0.86
149,Retail,4490020,0.08,927,0.68,Low,0.49,5,High,206089,0.57,0.78,Growth,0.84
150,Retail,2781719,0.05,102,0.75,High,0.65,7,High,129064,0.4,0.82,Decline,0.74
151,Tech,990695,0.18,457,0.97,Medium,0.39,6,High,956126,0.37,0.72,Growth,0.89
152,Retail,4294430,0.05,896,0.94,Medium,0.85,6,Low,456529,0.18,0.83,Decline,0.72
153,Healthcare,938761,0.2,71,0.55,Medium,0.64,7,Medium,444775,0.43,0.2,Decline,0.81
154,Healthcare,600315,0.16,79,0.7,High,0.12,3,High,100893,0.98,0.45,Stable,0.91
155,Retail,2514472,-0.04,752,0.78,Low,0.34,3,High,327311,0.3,0.69,Stable,0.71
156,Healthcare,1399445,0.18,309,0.75,High,0.85,10,Medium,612886,0.6,0.64,Growth,0.87
157,Healthcare,598716,-0.07,254,0.6,High,0.24,9,Low,188595,0.78,0.72,Stable,0.8
158,Retail,3241069,0.15,108,0.93,Low,0.65,8,High,886209,0.75,0.22,Decline,0.7
159,Retail,3421127,0.01,520,0.84,Low,0.38,5,Low,471655,0.33,0.1,Decline,0.76
160,Healthcare,2659272,0.16,825,0.92,Low,0.1,6,Low,428522,0.61,0.92,Growth,0.98
161,Healthcare,2376106,0.16,515,0.93,Medium,-0.52,10,Low,131060,0.87,0.56,Growth,0.86
162,Healthcare,2102324,0.14,61,0.87,High,-0.15,1,Low,849717,0.02,0.15,Decline,1.0
163,Tech,4427021,0.14,680,0.72,Low,0.94,10,High,454189,0.44,0.79,Stable,0.86
164,Tech,3424323,-0.01,976,0.81,High,0.32,1,High,435114,0.22,0.91,Stable,0.86
165,Tech,4051416,-0.08,339,0.58,Medium,0.13,4,Low,596982,0.39,0.17,Growth,0.82
166,Retail,594592,0.02,899,0.84,Medium,0.87,2,Low,971806,0.42,0.82,Growth,0.79
167,Tech,3345886,-0.05,809,0.59,Low,0.17,7,Medium,311401,0.75,0.93,Decline,0.78
168,Retail,3954261,0.11,403,0.85,Low,0.05,2,Medium,821136,0.09,0.94,Decline,0.8
169,Retail,3678226,0.0,688,0.61,High,0.52,10,Medium,727751,0.51,0.91,Growth,0.84
170,Tech,2129454,0.19,124,0.56,Low,0.43,2,High,841043,0.56,0.55,Decline,0.76
171,Tech,2527540,0.09,922,0.58,High,-0.61,5,Medium,583660,0.49,0.36,Growth,0.77
172,Tech,1815630,0.15,765,0.5,Low,-0.06,4,High,205384,0.73,0.01,Growth,0.78
173,Healthcare,418408,-0.06,610,0.86,High,-0.05,8,High,195152,0.38,0.06,Stable,0.83
174,Tech,568276,0.16,640,0.87,High,-0.24,4,High,917050,0.94,0.43,Growth,0.9
175,Healthcare,2254697,0.18,490,0.76,High,0.03,6,High,687233,0.48,0.4,Decline,0.96
176,Retail,611411,0.05,290,0.58,High,-0.17,5,Medium,944829,0.57,0.18,Stable,0.79
177,Healthcare,3022808,0.08,910,0.54,Medium,-0.6,2,Low,670501,0.83,0.4,Stable,0.76
178,Tech,3217172,0.13,203,0.51,High,-0.18,8,Low,70874,0.28,0.17,Decline,0.81
179,Retail,984377,-0.05,835,0.58,Low,-0.86,2,Low,505753,0.08,0.85,Decline,0.97
180,Retail,4335042,0.05,145,0.95,Medium,0.15,9,Medium,779274,0.71,0.3,Decline,0.7
181,Retail,1998739,0.02,775,0.62,Medium,0.71,9,Low,444813,0.48,0.6,Growth,0.9
182,Healthcare,1329336,-0.06,343,0.68,High,0.45,3,Medium,585888,0.9,0.5,Stable,0.84
183,Tech,1117433,0.01,258,0.55,Medium,-0.28,4,Medium,971251,0.98,0.05,Growth,0.75
184,Retail,4761029,-0.08,392,0.61,High,-0.83,8,Medium,915847,0.4,0.94,Growth,0.8
185,Retail,2861089,-0.09,137,0.76,Low,-0.6,9,Low,822718,0.42,0.53,Growth,0.77
186,Retail,3778086,-0.06,867,0.8,High,0.09,3,Low,521769,0.41,0.33,Growth,0.96
187,Healthcare,1681530,0.19,825,0.62,Medium,-0.59,5,Low,730175,0.32,0.16,Stable,0.84
188,Healthcare,2187258,0.06,986,0.53,Low,0.09,8,High,789860,0.78,0.34,Stable,0.87
189,Tech,4592816,0.19,439,0.7,High,-0.54,3,Medium,668636,0.76,0.02,Growth,0.88
190,Healthcare,4956447,0.03,374,0.62,Low,0.7,7,High,155736,0.48,0.36,Decline,0.89
191,Retail,2849178,-0.01,989,0.61,Low,-0.21,8,Medium,861146,0.04,0.53,Stable,0.85
192,Tech,1096530,0.05,938,0.98,Medium,-0.51,10,Low,462106,0.31,0.87,Growth,0.71
193,Retail,871253,0.03,881,0.81,Low,0.62,3,Medium,505040,0.29,0.69,Decline,0.8
194,Retail,2701623,-0.07,206,0.78,Medium,-0.31,2,Medium,185797,0.81,0.11,Decline,0.76
195,Healthcare,1478246,0.09,717,0.71,Low,-0.78,10,High,486421,0.09,0.15,Growth,0.9
196,Tech,4208997,-0.04,700,0.71,High,0.14,7,Medium,726044,0.81,0.43,Stable,0.72
197,Healthcare,3003540,0.09,682,0.77,Low,0.16,9,Low,535077,0.67,0.2,Decline,0.87
198,Healthcare,3464695,0.1,626,0.85,High,0.43,1,Medium,685861,0.73,0.03,Stable,0.76
199,Tech,4078400,-0.05,668,0.85,High,-0.52,3,Medium,325236,0.43,0.81,Stable,0.98
200,Retail,4677456,-0.08,708,0.59,Low,-0.11,5,Medium,408062,0.68,0.02,Decline,0.8
201,Retail,2291422,0.13,186,0.75,High,-0.44,3,High,75457,0.61,0.83,Growth,0.8
202,Tech,1145482,0.04,972,0.71,Low,-0.84,1,Medium,908099,0.77,0.14,Decline,0.98
203,Retail,1395302,-0.08,723,0.94,Low,0.75,7,Medium,402895,0.45,0.97,Decline,0.83
204,Tech,4102640,0.2,477,0.82,High,0.46,7,High,112894,0.47,0.6,Stable,0.99
205,Tech,670451,-0.08,501,0.77,High,-0.4,10,High,635593,0.64,0.73,Growth,0.71
206,Healthcare,119816,0.11,661,0.56,Medium,0.2,8,High,717972,0.11,0.11,Stable,0.79
207,Tech,1067344,0.2,899,0.8,High,-0.6,5,High,808201,0.44,0.86,Decline,0.9
208,Healthcare,2955059,-0.03,960,0.56,Medium,0.78,10,Low,259699,0.97,0.84,Growth,0.97
209,Retail,2512149,-0.06,868,0.67,High,-0.77,5,Low,888569,0.04,0.65,Growth,0.78
210,Retail,3452252,-0.06,190,0.57,Low,-0.99,5,Medium,50559,0.32,0.5,Growth,0.98
211,Retail,3832839,-0.01,132,0.85,High,0.0,1,Low,902681,0.31,0.72,Growth,0.88
212,Retail,1138896,-0.07,226,0.6,Low,0.17,10,Medium,87361,0.63,0.01,Growth,0.94
213,Healthcare,3397606,0.11,247,0.7,Low,0.16,5,Low,917152,0.11,0.59,Decline,0.82
214,Retail,2978604,-0.08,673,0.95,Low,-0.89,6,High,851693,0.63,0.85,Decline,0.76
215,Tech,3680893,0.05,617,0.6,Medium,-0.37,1,High,856804,0.1,0.36,Decline,0.97
216,Tech,4427858,0.2,740,0.75,High,-0.0,7,Low,367499,0.09,0.11,Stable,0.98
217,Tech,4056602,0.14,470,0.71,Low,-0.57,1,Low,803036,0.73,0.42,Growth,0.85
218,Healthcare,4196951,0.08,450,0.51,Low,0.75,2,Medium,410704,0.32,0.73,Growth,0.7
219,Retail,364223,-0.01,747,0.9,Medium,-0.83,2,Medium,763280,0.98,0.11,Decline,0.73
220,Retail,3419260,0.09,520,0.53,High,-0.03,5,Medium,293950,0.04,0.21,Growth,0.87
221,Retail,2794287,0.06,267,0.74,High,0.38,10,High,475760,0.45,0.15,Stable,0.71
222,Healthcare,1766471,0.03,974,0.78,Medium,-0.48,7,High,50037,0.11,0.8,Growth,0.82
223,Tech,4721056,-0.06,978,0.81,Medium,0.25,1,High,748392,0.35,0.06,Growth,0.79
224,Tech,688365,0.17,877,0.84,High,0.66,10,High,521449,1.0,0.69,Stable,0.91
225,Retail,803662,0.03,778,0.63,Medium,-0.62,1,Medium,353564,0.89,0.37,Decline,0.72
226,Tech,1405585,-0.04,681,0.5,High,0.83,1,High,557450,0.05,0.76,Decline,0.85
227,Tech,4192097,0.01,955,0.86,High,0.11,6,High,671531,0.56,0.96,Growth,0.87
228,Healthcare,2759440,0.02,224,0.77,Low,-0.4,2,High,703668,0.65,0.11,Stable,0.89
229,Healthcare,1699601,0.15,72,0.92,Low,-0.14,1,High,308430,0.21,0.31,Decline,0.82
230,Healthcare,4043645,0.12,774,0.91,High,-0.38,6,Low,608888,0.15,0.81,Decline,0.79
231,Healthcare,4595013,0.13,966,0.92,High,0.45,2,Medium,753645,0.9,0.27,Decline,0.9
232,Retail,4151774,-0.1,284,0.74,High,0.59,6,Medium,767368,0.97,0.22,Growth,0.95
233,Healthcare,1334816,0.02,62,0.67,High,0.67,10,High,925952,0.99,0.83,Stable,0.91
234,Tech,1725351,0.04,150,0.9,High,0.97,8,Low,841599,0.79,0.99,Growth,0.98
235,Retail,2064956,-0.09,978,0.73,High,0.58,2,Medium,307351,0.66,0.56,Decline,0.92
236,Tech,3548678,-0.02,585,0.59,Medium,0.2,9,Medium,574720,0.35,0.28,Stable,0.93
237,Tech,1227199,0.13,925,0.93,High,-0.32,8,High,835838,0.17,0.4,Growth,0.75
238,Tech,3611049,-0.06,572,0.94,Medium,0.09,10,High,643975,0.08,0.17,Decline,0.83
239,Healthcare,4163186,0.06,834,0.73,Medium,-0.92,1,Medium,818576,0.69,0.76,Decline,0.85
240,Healthcare,2380827,-0.04,501,0.54,High,0.49,7,Medium,908379,0.78,0.77,Growth,0.78
241,Retail,1885910,-0.1,480,0.69,High,-0.11,10,Low,932756,0.83,0.88,Decline,0.86
242,Retail,4946769,-0.03,842,0.9,Medium,-0.96,6,Medium,887335,0.91,0.03,Decline,0.79
243,Healthcare,3195900,0.19,655,0.95,Medium,-0.87,6,Medium,535375,0.88,0.56,Stable,0.91
244,Tech,4143064,0.14,762,0.6,High,-0.23,6,High,235221,1.0,0.21,Decline,0.84
245,Retail,2702967,0.19,582,0.53,High,0.17,6,Medium,793000,0.24,0.34,Growth,0.84
246,Healthcare,3538550,0.05,901,0.94,Medium,-0.07,10,High,237840,0.76,0.78,Stable,1.0
247,Healthcare,176218,-0.07,772,0.69,Medium,0.24,7,Medium,503400,0.59,0.19,Growth,0.82
248,Healthcare,870044,0.06,701,0.77,Medium,-0.04,3,Medium,902224,0.26,0.64,Decline,0.81
249,Tech,2646741,0.04,342,0.98,Low,0.32,6,Medium,345583,0.98,0.65,Stable,0.8
250,Healthcare,4772750,0.15,859,0.53,Medium,-0.56,3,Low,214329,0.9,0.95,Stable,0.97
251,Healthcare,4756356,-0.07,962,0.82,Low,-0.77,7,High,225746,0.13,0.78,Stable,0.85
252,Healthcare,3580130,0.05,150,0.54,High,0.19,7,Low,363392,0.03,0.8,Stable,0.88
253,Healthcare,3285714,-0.05,551,0.69,High,-0.03,8,Medium,526818,0.69,0.53,Growth,0.75
254,Retail,1828096,-0.0,353,0.9,Medium,-0.95,2,Low,750731,0.6,0.19,Decline,0.86
255,Retail,447739,0.12,920,0.72,High,-0.24,9,High,803642,0.94,0.43,Decline,0.78
256,Healthcare,572327,0.04,589,1.0,High,-0.79,5,Medium,511212,0.23,0.55,Stable,0.92
257,Tech,2794946,0.01,602,0.78,High,0.06,9,Low,742657,0.08,0.68,Decline,0.95
258,Retail,4329215,0.02,404,0.66,High,-0.21,10,Low,504472,0.26,0.61,Growth,0.91
259,Healthcare,2022135,0.04,352,0.61,Low,0.23,5,High,609031,0.02,0.39,Decline,0.92
260,Retail,1078039,0.14,545,0.68,Low,0.61,7,Low,249824,0.04,0.27,Growth,0.85
261,Retail,999885,0.17,707,0.69,Medium,-0.4,9,High,654091,0.91,0.17,Growth,0.91
262,Tech,708746,0.19,817,0.53,Medium,0.92,4,Medium,911549,0.35,0.69,Decline,0.83
263,Healthcare,3102819,0.14,276,0.68,Medium,0.07,2,Medium,251123,0.41,0.65,Growth,0.9
264,Healthcare,4611219,-0.01,285,0.73,High,0.24,9,Low,72076,0.02,0.69,Growth,0.78
265,Tech,599876,0.11,922,0.86,High,0.36,2,Medium,291424,0.27,0.37,Growth,0.72
266,Tech,2062165,0.03,941,0.83,Low,0.33,3,Medium,256384,0.8,0.26,Growth,0.82
267,Healthcare,711213,-0.02,504,0.85,Low,0.02,10,Low,300699,0.62,0.76,Stable,0.84
268,Healthcare,868734,0.15,62,0.5,Medium,-0.14,2,Medium,923915,0.75,0.77,Decline,0.78
269,Tech,4341361,-0.09,259,0.61,Low,-0.89,3,Low,708323,0.45,0.46,Stable,0.92
270,Retail,1939433,0.17,790,0.83,Low,-0.96,6,High,431361,0.31,0.61,Growth,0.72
271,Retail,3772214,0.04,446,0.74,Low,-0.28,3,High,194938,0.48,0.37,Decline,0.77
272,Tech,2126580,0.09,149,0.5,Low,-0.33,10,High,940936,0.32,0.7,Growth,0.92
273,Retail,4439235,0.1,80,0.9,Low,-0.22,8,Low,213377,0.84,0.84,Decline,0.83
274,Tech,1592252,0.17,947,0.89,Medium,-0.72,6,Low,263968,0.3,0.69,Stable,0.91
275,Retail,3626737,0.09,577,0.77,Medium,0.48,7,Medium,942081,0.66,0.51,Decline,0.87
276,Retail,501921,0.08,698,0.53,Low,0.71,1,Medium,438388,0.14,0.46,Growth,0.99
277,Healthcare,2108960,-0.08,378,0.88,Medium,0.88,3,Medium,344957,0.69,0.64,Decline,0.88
278,Healthcare,4555214,0.06,215,0.79,High,-0.02,3,Medium,903161,0.91,0.68,Decline,0.7
279,Retail,187955,-0.05,508,0.89,Low,0.4,2,Medium,840944,0.61,0.56,Stable,0.81
280,Retail,3916446,0.12,871,0.88,High,0.71,7,Low,300703,0.56,0.62,Growth,0.74
281,Healthcare,3476513,0.05,149,0.9,Medium,-0.16,9,Low,465882,0.96,0.1,Decline,0.98
282,Healthcare,2037878,0.1,670,0.76,Medium,-0.38,4,High,197702,0.63,0.95,Stable,0.73
283,Healthcare,4502294,-0.09,904,0.57,High,0.87,5,High,167907,0.26,0.79,Decline,0.82
284,Tech,2185259,-0.07,222,0.84,Medium,0.03,3,High,255591,0.29,0.37,Growth,0.77
285,Retail,2575539,0.11,798,0.81,Low,-0.01,9,High,443852,0.71,0.56,Decline,0.95
286,Healthcare,4833188,-0.08,211,0.87,High,-0.64,4,Low,971279,0.74,0.05,Decline,0.79
287,Retail,1805215,-0.08,954,0.58,Low,-0.78,5,Low,638879,0.3,0.04,Decline,1.0
288,Tech,2589569,-0.1,777,0.6,High,0.68,1,Low,573869,0.35,0.25,Decline,0.71
289,Tech,3366402,0.19,825,0.95,Medium,0.23,2,Medium,259633,0.99,0.69,Growth,0.74
290,Healthcare,2083851,0.12,312,0.87,High,-0.35,9,Medium,518032,0.1,0.85,Stable,0.77
291,Tech,4208880,0.01,853,0.95,High,-0.62,2,High,807847,0.4,0.56,Stable,0.94
292,Retail,4837655,-0.01,323,0.88,Low,0.11,5,Medium,847783,0.06,0.53,Decline,0.96
293,Healthcare,4361946,0.0,52,0.8,Medium,0.17,8,Low,951832,0.82,0.4,Growth,0.72
294,Retail,190093,0.13,77,0.83,Low,-0.59,3,High,694821,0.09,0.16,Growth,0.71
295,Retail,1656182,0.1,375,0.94,Medium,0.7,6,High,677915,0.67,0.12,Growth,0.92
296,Tech,4511519,-0.04,989,0.79,Low,-0.83,4,Medium,498400,0.06,0.76,Growth,0.74
297,Tech,2103679,-0.05,198,0.82,High,-0.29,7,High,178381,0.67,0.93,Growth,0.74
298,Tech,1832465,-0.07,589,0.58,Low,0.36,10,Medium,816552,0.84,0.46,Growth,0.71
299,Tech,4330258,0.1,537,0.74,Medium,-0.45,3,Medium,407851,0.4,0.66,Decline,0.71
300,Tech,3273584,0.13,871,0.86,Medium,0.66,6,High,393822,0.52,0.91,Stable,0.78
301,Healthcare,4821165,-0.02,487,0.64,High,0.48,10,Medium,647597,0.4,0.09,Stable,0.72
302,Retail,2756807,-0.09,114,0.6,Medium,0.58,9,Medium,799362,0.3,0.77,Decline,0.81
303,Retail,2959244,-0.08,405,0.66,Low,-0.76,10,Medium,847210,0.8,0.62,Stable,0.95
304,Retail,986040,0.19,582,0.62,High,-0.72,1,Medium,717861,0.27,0.6,Growth,0.8
305,Retail,422918,-0.01,301,0.61,Medium,-0.43,3,High,949145,0.72,0.29,Growth,0.92
306,Tech,3038613,0.13,284,0.71,Medium,0.04,2,Low,969612,0.21,0.68,Stable,0.73
307,Retail,2345909,0.09,276,0.95,Low,0.5,8,Low,538121,0.25,0.79,Growth,0.9
308,Healthcare,4162442,0.01,574,0.75,Low,0.67,7,Medium,86382,0.34,0.11,Growth,0.8
309,Healthcare,216739,-0.04,362,0.59,High,0.41,2,Medium,796714,0.59,0.53,Stable,0.92
310,Retail,1386585,-0.06,98,0.54,Medium,0.86,6,Medium,912219,0.45,0.1,Decline,0.74
311,Retail,880316,0.08,167,0.85,Low,0.48,3,Low,73341,0.75,0.87,Stable,0.97
312,Healthcare,3634550,0.13,103,0.69,High,-0.39,8,Medium,719727,0.21,0.51,Stable,0.77
313,Healthcare,3589866,0.09,699,0.91,Medium,-0.47,10,High,956399,0.01,0.81,Stable,0.81
314,Tech,1466853,0.06,614,0.83,Medium,0.39,3,High,276280,0.78,0.37,Stable,0.99
315,Healthcare,1114929,-0.09,93,0.9,High,-0.61,10,High,705354,0.82,0.13,Decline,0.87
316,Tech,1666847,0.19,864,0.64,High,-0.81,9,Low,250940,0.06,0.04,Decline,0.81
317,Tech,2520564,0.14,102,0.85,Low,0.06,1,Medium,455218,0.61,0.28,Growth,0.98
318,Tech,2682569,-0.01,635,0.63,Medium,0.64,5,Medium,833540,0.38,0.24,Growth,0.8
319,Tech,1580035,0.19,607,0.97,Medium,-0.8,3,Medium,660108,0.79,0.56,Stable,0.73
320,Tech,288456,0.08,574,0.82,Medium,0.58,6,Low,109949,0.87,0.02,Growth,1.0
321,Retail,2753093,0.07,726,0.66,High,0.62,10,Low,458916,0.85,0.52,Decline,0.78
322,Healthcare,3403457,0.12,151,0.63,Low,-0.04,2,Low,784665,0.78,0.39,Growth,0.96
323,Tech,4185412,0.14,841,0.6,Medium,-0.89,9,Low,636831,0.27,0.58,Growth,0.75
324,Healthcare,4522808,0.1,819,0.85,High,-0.65,6,High,996822,0.81,0.7,Growth,0.92
325,Healthcare,4867348,-0.06,898,0.61,Medium,0.41,7,Low,533075,0.53,0.63,Stable,0.86
326,Tech,816756,0.0,917,0.8,Low,0.42,5,Low,864042,0.05,0.98,Growth,0.99
327,Retail,151226,0.18,447,0.63,Medium,0.8,9,Low,836166,0.46,0.14,Decline,0.87
328,Tech,3851198,-0.03,187,0.83,Low,0.17,1,Medium,562472,0.94,0.43,Decline,0.71
329,Retail,3721509,0.01,724,0.91,Low,-0.75,5,Medium,778734,0.89,0.42,Decline,0.88
330,Healthcare,3238145,0.03,970,0.89,Medium,-0.76,10,Medium,377370,0.1,0.42,Decline,0.74
331,Retail,3997611,0.03,436,0.88,Medium,0.44,6,High,881599,0.74,0.66,Growth,0.94
332,Retail,1326476,0.08,160,0.59,Low,-0.63,7,High,258851,0.81,0.49,Stable,0.96
333,Retail,4284056,0.18,663,0.54,High,-0.34,4,Low,209011,0.27,0.52,Decline,0.84
334,Healthcare,672212,-0.03,66,0.85,Low,-0.03,1,Medium,504581,0.47,0.43,Decline,0.93
335,Healthcare,4518441,-0.06,829,0.68,Medium,-0.95,8,High,117381,0.71,0.99,Stable,0.74
336,Retail,1600844,-0.04,231,0.72,Medium,-0.5,10,Medium,883142,0.44,0.93,Stable,0.85
337,Retail,1029168,0.17,933,0.52,High,-0.18,4,High,328910,0.11,0.31,Decline,0.82
338,Tech,3543609,0.09,585,0.63,Low,-0.44,3,High,152416,0.71,0.11,Decline,0.88
339,Retail,463476,-0.01,590,0.52,Low,-0.73,7,Low,587068,0.91,0.84,Stable,0.71
340,Tech,1500283,0.14,220,0.94,Low,0.46,2,Low,98458,0.65,1.0,Decline,0.93
341,Retail,791757,0.16,458,0.62,Medium,0.63,8,High,892653,0.77,0.29,Decline,0.72
342,Tech,490719,0.15,789,0.78,Low,-0.49,6,Low,561714,0.36,0.36,Growth,0.9
343,Healthcare,1627937,0.18,427,0.52,High,0.55,7,High,551608,0.18,0.94,Stable,0.71
344,Retail,1249947,-0.02,237,0.83,Medium,-0.23,5,High,837941,0.64,0.71,Growth,0.95
345,Retail,3437920,0.13,907,0.66,Medium,0.01,9,Medium,401637,0.33,0.3,Growth,0.75
346,Retail,3396050,0.04,279,0.95,Low,0.71,5,Low,477562,0.86,0.58,Stable,0.85
347,Retail,2218324,0.15,882,0.94,High,0.5,5,Low,953282,0.12,0.94,Growth,0.78
348,Tech,2778932,0.12,901,0.66,Medium,0.61,3,Low,227946,0.43,0.81,Decline,0.92
349,Retail,976031,0.13,168,0.95,Medium,-0.73,1,Medium,993652,0.4,0.74,Growth,0.8
350,Healthcare,1370896,0.1,205,1.0,Low,-0.86,2,Medium,81533,0.94,0.74,Stable,0.92
351,Healthcare,3663706,-0.05,833,0.91,Low,0.79,8,Medium,944576,0.15,0.18,Decline,0.79
352,Retail,1159622,0.06,736,0.92,High,-0.22,1,Low,434546,0.01,0.82,Decline,0.93
353,Healthcare,4522375,0.2,514,0.62,Low,-0.42,7,Low,914899,0.24,0.28,Decline,0.71
354,Retail,478165,0.18,153,0.79,High,0.45,5,Low,313503,0.82,0.93,Decline,0.78
355,Retail,808662,-0.09,653,0.53,Medium,0.67,3,Medium,169119,0.21,0.36,Growth,0.85
356,Healthcare,4231479,-0.05,747,0.55,High,0.72,7,Medium,271140,0.24,0.86,Growth,0.71
357,Retail,1112117,-0.06,844,1.0,High,-0.37,9,High,332488,0.13,0.27,Decline,0.76
358,Healthcare,745188,0.12,551,0.66,High,0.7,2,Medium,954931,0.72,0.51,Stable,0.98
359,Tech,515008,0.15,742,0.87,Medium,-0.92,8,High,381922,0.07,0.11,Decline,0.99
360,Retail,1731993,-0.04,731,0.9,Low,-0.9,9,Low,332745,0.33,0.66,Growth,0.92
361,Tech,3451278,0.05,748,0.93,Medium,0.25,3,Medium,295840,0.28,0.84,Decline,0.78
362,Healthcare,2442035,0.15,224,1.0,Low,-0.87,2,Low,986620,0.56,0.72,Growth,0.78
363,Tech,2868362,0.12,783,0.62,High,-0.35,7,Low,762345,0.73,0.52,Decline,0.89
364,Tech,3126768,0.06,794,0.52,High,0.35,5,Low,413157,0.53,0.05,Stable,0.74
365,Healthcare,1270365,0.08,723,0.71,High,-0.33,5,Low,822470,0.93,0.93,Decline,0.98
366,Tech,779418,0.05,470,0.57,High,-0.64,10,Medium,561545,0.95,0.71,Stable,0.77
367,Tech,4995084,-0.01,183,0.51,High,-0.44,5,Low,342926,0.36,0.75,Stable,1.0
368,Healthcare,1711754,0.07,440,0.68,Low,-0.08,4,High,685383,0.78,0.79,Decline,0.85
369,Tech,1214593,0.11,785,0.89,Low,-0.05,5,Medium,493035,0.74,0.75,Stable,0.93
370,Healthcare,1326952,0.16,550,0.78,High,0.57,4,Low,409267,0.89,0.44,Stable,0.7
371,Tech,4951188,0.09,714,0.66,Medium,0.5,6,Medium,880890,0.45,0.73,Growth,0.97
372,Healthcare,2821864,0.13,82,0.83,Medium,-0.09,4,High,960657,0.53,0.63,Growth,0.78
373,Healthcare,4047208,-0.05,104,0.62,High,0.69,2,Low,713440,0.42,0.85,Stable,0.9
374,Tech,3038496,0.04,568,0.51,Low,-0.77,9,High,739317,0.85,0.8,Decline,0.94
375,Tech,3975754,-0.1,805,0.88,Medium,-0.49,2,Low,457124,0.23,0.04,Stable,0.75
376,Tech,2804999,-0.03,874,0.81,Medium,0.66,9,High,408332,0.24,0.38,Decline,0.83
377,Retail,3094200,0.12,687,0.88,Medium,-0.24,10,Low,801240,0.37,0.03,Growth,0.85
378,Retail,1424070,0.2,61,0.52,High,0.96,6,Medium,171292,0.23,0.1,Decline,0.79
379,Retail,3290914,-0.07,577,0.92,Medium,-0.07,9,Low,140570,0.56,0.6,Stable,0.84
380,Healthcare,2624388,0.02,769,0.81,Medium,0.58,9,Medium,534540,0.13,0.87,Stable,0.8
381,Tech,1758987,0.14,604,0.78,Medium,-0.2,3,Low,173791,0.32,0.12,Stable,0.81
382,Healthcare,3976274,-0.04,422,0.81,Medium,-0.15,1,Low,542545,0.91,0.45,Stable,0.9
383,Retail,2937981,0.07,533,0.93,Low,-0.23,1,High,565689,0.41,0.91,Stable,0.89
384,Tech,1761793,0.12,696,0.79,High,0.44,3,High,961723,0.75,0.81,Decline,0.77
385,Healthcare,716036,0.08,277,0.79,High,0.1,5,High,934807,0.11,0.52,Stable,0.97
386,Tech,3491418,-0.04,672,1.0,Low,0.89,3,Low,612602,0.25,0.77,Growth,0.96
387,Healthcare,528988,0.01,356,0.88,Low,-0.5,9,Low,806349,0.81,0.52,Stable,0.85
388,Tech,4184752,0.14,506,0.72,High,-0.8,9,Low,780281,0.76,0.16,Decline,0.83
389,Retail,4474857,0.07,209,0.85,Medium,-0.21,3,Medium,526984,0.39,0.12,Stable,0.81
390,Retail,4855000,-0.1,380,0.69,Medium,0.23,3,Medium,421024,0.95,0.19,Stable,0.91
391,Tech,3077590,0.13,825,0.61,High,0.72,5,Low,412470,0.91,0.35,Decline,0.9
392,Healthcare,3397291,-0.09,274,0.8,Medium,-0.31,2,High,196903,0.96,0.93,Stable,0.76
393,Retail,3902429,0.12,778,0.96,Low,0.31,6,High,957458,0.43,0.8,Decline,0.9
394,Retail,4994287,-0.04,553,0.96,Medium,-0.3,7,High,987629,0.2,0.43,Stable,0.78
395,Retail,2590706,0.19,505,0.67,Medium,0.23,9,Low,898883,0.63,0.49,Growth,0.71
396,Tech,1291902,0.01,94,0.76,Medium,0.77,6,High,95708,0.68,0.27,Stable,0.91
397,Tech,2592118,-0.0,263,0.61,High,-0.54,3,Low,854114,0.13,0.7,Decline,0.89
398,Healthcare,3837973,-0.06,108,1.0,Low,-0.19,5,Medium,414550,0.79,0.8,Growth,0.82
399,Healthcare,2302575,-0.01,693,0.99,Medium,0.99,4,High,526040,0.02,0.24,Decline,0.86
400,Healthcare,564071,0.16,665,0.82,High,0.74,5,Medium,216866,0.48,0.04,Stable,0.98
401,Tech,4481137,0.2,244,0.9,Medium,0.13,8,High,371516,0.33,0.62,Growth,0.88
402,Tech,875435,0.01,974,0.86,Low,0.03,8,Low,613765,0.74,0.56,Decline,0.9
403,Healthcare,2274606,0.03,538,0.8,Medium,-0.43,6,Low,533157,0.31,0.4,Growth,0.72
404,Healthcare,3598472,0.12,206,0.53,Low,0.03,1,Low,219809,0.83,0.64,Growth,0.75
405,Tech,3106316,0.17,659,0.73,Medium,0.7,8,Low,183692,0.59,0.55,Decline,0.79
406,Healthcare,1664718,0.08,275,0.84,Low,0.37,8,High,544166,0.79,0.25,Growth,0.86
407,Retail,2234793,0.02,461,0.84,Medium,-0.42,2,Medium,808529,0.99,0.4,Decline,0.93
408,Tech,1702575,0.02,254,0.69,Low,-0.6,4,Low,827393,0.68,0.43,Growth,0.8
409,Healthcare,3913270,0.11,128,0.97,Medium,-0.47,2,High,216129,0.98,0.88,Growth,0.81
410,Tech,4906425,-0.1,173,0.58,Medium,-0.66,4,Medium,784750,0.03,0.96,Growth,0.78
411,Retail,2478837,0.09,520,0.75,High,-0.81,10,Low,103024,0.34,0.89,Stable,0.78
412,Tech,1624102,0.01,989,0.85,High,-0.16,7,Medium,452893,0.11,0.72,Stable,0.98
413,Tech,3290541,0.14,267,0.85,Low,-0.77,9,Low,225183,0.26,0.58,Decline,0.89
414,Tech,764180,-0.07,565,0.82,Medium,-0.66,8,Medium,205146,0.84,0.69,Growth,0.75
415,Tech,2483366,0.08,651,0.64,Low,0.09,9,Medium,592112,0.03,0.94,Decline,0.92
416,Retail,2135848,0.04,153,0.58,High,-0.67,8,Low,968269,0.52,0.25,Stable,0.92
417,Tech,2539855,0.09,442,0.82,Low,-0.87,2,High,568534,0.57,0.54,Stable,0.9
418,Tech,304615,-0.08,680,0.8,Low,-0.37,7,Medium,933583,0.56,0.69,Stable,0.74
419,Healthcare,1625233,0.07,694,0.59,High,-0.56,2,Low,98926,0.48,0.68,Stable,0.82
420,Tech,3996022,0.07,873,0.85,Medium,0.03,2,Medium,217932,0.79,0.25,Decline,0.73
421,Healthcare,1903740,0.07,657,0.73,Low,-0.8,4,Medium,325119,0.13,0.59,Growth,0.94
422,Retail,4068222,0.08,483,0.83,High,0.5,1,High,911309,0.31,0.8,Decline,0.9
423,Retail,3168893,0.1,380,0.92,Medium,0.81,5,Medium,799037,0.62,0.48,Growth,0.85
424,Retail,938003,0.14,192,0.58,High,0.49,6,Medium,914302,0.69,0.79,Stable,0.8
425,Retail,3533382,-0.02,849,0.51,Low,0.07,9,Low,819741,0.4,0.36,Growth,0.76
426,Healthcare,381570,0.15,589,0.89,Medium,0.72,10,Low,655659,0.88,0.94,Stable,0.73
427,Tech,3282993,0.05,327,0.8,Medium,0.39,8,High,731908,0.42,0.53,Decline,0.99
428,Retail,4181082,-0.08,282,0.85,High,-0.98,2,Medium,413114,0.4,0.6,Growth,0.76
429,Tech,3495049,-0.08,578,0.92,High,-0.21,1,Medium,533791,0.04,0.03,Decline,0.72
430,Healthcare,166150,0.0,620,0.9,High,0.7,2,Medium,672354,0.55,0.17,Stable,0.99
431,Healthcare,2534206,0.14,139,0.98,Medium,-0.31,7,High,744096,0.71,0.63,Decline,0.86
432,Healthcare,659723,0.11,541,0.77,Medium,-0.93,4,Medium,111562,0.11,0.42,Stable,0.94
433,Retail,2647500,0.14,248,0.74,Low,0.49,10,Low,352553,0.31,0.51,Stable,0.71
434,Tech,3455745,0.06,411,0.7,Medium,0.6,5,High,846266,0.78,0.06,Stable,0.87
435,Tech,1099554,0.03,490,0.58,Low,-0.68,7,Low,676480,0.37,0.83,Decline,0.82
436,Tech,4293060,-0.06,75,0.79,High,0.07,3,Low,575128,0.24,0.78,Decline,0.93
437,Healthcare,4258634,-0.0,74,0.64,High,-0.62,10,High,784769,0.67,0.19,Growth,0.71
438,Retail,234055,0.03,443,0.96,Medium,0.44,2,Low,81568,0.2,0.63,Growth,0.82
439,Healthcare,776022,-0.07,556,0.79,High,-0.46,7,Medium,847278,0.9,0.82,Decline,0.94
440,Healthcare,909942,-0.03,350,0.8,High,-0.37,5,High,711259,0.11,0.64,Decline,0.86
441,Tech,3979275,0.08,388,0.68,Medium,0.69,1,Low,660326,0.71,0.31,Decline,0.87
442,Healthcare,796358,0.12,316,0.53,Low,-0.05,1,Medium,247173,0.5,0.66,Decline,0.73
443,Tech,3695790,0.2,510,0.52,Medium,0.34,9,Medium,179789,0.87,0.21,Stable,0.74
444,Retail,1941648,0.18,742,0.71,Low,-0.2,5,Low,419604,0.13,0.32,Stable,0.9
445,Tech,1788472,0.09,505,0.54,Medium,-0.4,1,Medium,551994,0.68,0.24,Stable,0.9
446,Retail,3928433,0.03,409,0.8,Medium,0.25,7,High,124723,0.57,0.56,Decline,0.99
447,Tech,2835264,0.09,117,0.94,High,-0.69,9,Low,813043,0.48,0.11,Stable,0.91
448,Healthcare,4548748,0.14,912,0.94,Medium,-0.25,1,Medium,416338,0.49,0.93,Stable,0.85
449,Healthcare,2800713,-0.06,461,0.83,Medium,-0.58,10,Medium,947849,0.72,0.33,Growth,0.96
450,Retail,2408989,0.02,540,0.61,Low,0.39,4,Low,971815,0.94,0.22,Growth,0.73
451,Retail,4237270,0.15,882,0.93,High,0.89,3,Low,815110,0.09,0.5,Stable,0.83
452,Retail,4417922,0.02,98,0.94,Low,0.99,5,Low,631176,0.02,0.28,Stable,0.79
453,Tech,4215625,0.07,736,0.6,Low,-0.1,7,Low,878048,0.81,0.53,Stable,0.73
454,Tech,559297,0.08,613,0.87,High,-0.49,8,High,757494,0.11,0.35,Decline,0.93
455,Retail,1120154,-0.04,151,0.64,High,-0.11,2,Low,534441,0.99,0.13,Growth,0.85
456,Healthcare,4177151,0.01,265,0.9,High,0.69,7,High,842515,0.62,0.27,Growth,0.87
457,Tech,4834963,0.0,487,1.0,Medium,-0.59,1,High,717958,0.65,0.44,Growth,0.82
458,Tech,2903696,-0.09,749,0.52,High,0.9,7,Low,394620,0.2,0.03,Stable,0.84
459,Tech,2193373,-0.09,618,0.95,High,-0.32,8,High,142416,0.24,0.77,Decline,0.73
460,Retail,2472280,0.15,608,0.81,High,0.97,2,Low,839012,0.66,0.62,Growth,0.9
461,Retail,3016623,-0.02,208,0.99,Low,0.68,9,Low,697122,0.91,0.6,Growth,0.83
462,Retail,2806871,0.06,538,0.73,Low,0.62,1,Medium,686436,0.98,0.55,Decline,0.95
463,Retail,970123,-0.01,735,0.92,Medium,-0.36,6,Low,762755,0.2,0.59,Stable,0.76
464,Retail,3086249,0.18,291,0.53,Low,-0.98,1,Medium,878753,0.13,0.93,Stable,0.76
465,Healthcare,1959582,-0.02,843,0.67,Medium,-0.24,3,High,845818,0.06,0.01,Growth,0.89
466,Healthcare,4544499,0.03,802,0.53,Low,-0.4,6,Medium,365315,0.87,0.05,Growth,0.95
467,Retail,2229885,0.16,931,0.99,High,-0.93,3,High,200594,0.29,0.19,Decline,0.84
468,Tech,4820642,0.15,54,0.91,Low,0.01,8,Low,770892,0.0,0.17,Growth,0.92
469,Retail,2307148,-0.04,645,0.93,Medium,-0.19,5,High,534976,0.22,0.18,Decline,1.0
470,Healthcare,4852525,0.14,869,0.97,Low,0.27,2,High,982139,0.34,0.67,Growth,1.0
471,Healthcare,649239,0.04,410,0.54,High,0.24,4,Low,968175,0.99,0.46,Growth,0.92
472,Tech,656701,0.04,508,0.69,Medium,-0.76,9,High,83545,0.52,0.99,Growth,0.92
473,Healthcare,3147569,-0.06,297,0.54,High,0.95,4,Low,235151,0.2,0.23,Stable,0.77
474,Retail,4728120,-0.08,615,0.61,High,-0.63,10,Medium,863287,0.33,0.31,Decline,0.95
475,Tech,1370464,0.12,722,0.61,Medium,-0.11,10,Low,85790,0.33,0.98,Decline,0.82
476,Retail,885332,0.05,995,0.73,High,-0.02,8,Low,625300,0.02,0.83,Stable,0.99
477,Retail,867950,0.03,471,0.63,High,0.63,5,High,167827,0.14,0.47,Stable,0.72
478,Tech,266472,0.12,972,0.55,Low,-0.8,10,Medium,310123,0.7,0.55,Stable,0.83
479,Retail,497710,0.13,787,0.58,High,-0.14,1,Low,64260,0.12,0.84,Decline,0.87
480,Healthcare,4417048,-0.05,64,0.57,High,0.26,7,Medium,246211,0.23,0.48,Growth,0.82
481,Retail,3288729,0.08,785,0.99,High,-0.57,3,Medium,837506,0.35,0.21,Stable,0.76
482,Tech,4885956,-0.06,622,0.88,High,0.25,10,High,485892,0.76,0.83,Stable,0.88
483,Tech,2950171,0.13,171,0.98,Medium,0.85,8,Low,190547,0.58,0.54,Stable,0.93
484,Tech,1010775,0.1,326,0.72,Low,1.0,3,High,259486,0.69,0.15,Growth,0.89
485,Retail,2696874,0.19,607,0.64,High,-0.94,1,Low,196192,0.57,0.51,Growth,0.77
486,Tech,658924,-0.08,502,0.9,High,-0.53,5,Medium,466363,0.68,0.41,Stable,0.92
487,Tech,3981185,-0.08,439,0.66,Medium,-0.38,2,Low,314130,0.0,0.88,Growth,0.78
488,Retail,4473656,-0.02,343,0.65,High,-0.2,4,Low,814489,0.93,0.13,Stable,0.75
489,Healthcare,4112595,-0.02,623,0.62,Medium,-0.52,1,Medium,737790,0.11,0.88,Growth,0.91
490,Retail,2390435,-0.03,647,0.56,Low,-0.59,9,Medium,812857,0.41,0.51,Decline,0.95
491,Tech,531413,0.17,495,0.63,Low,0.91,6,Low,105479,0.77,0.4,Decline,0.84
492,Tech,1452564,-0.03,259,0.68,High,0.84,8,High,526182,0.44,0.16,Growth,0.86
493,Retail,2524050,-0.02,639,0.84,High,-0.91,4,Low,442977,0.95,0.7,Decline,0.79
494,Healthcare,4265100,0.13,763,0.53,High,-0.32,9,Medium,314320,0.47,0.93,Decline,0.85
495,Tech,963561,0.03,351,0.61,Medium,-0.19,2,High,658546,0.87,0.38,Decline,0.74
496,Tech,402186,0.13,958,0.9,High,-0.52,9,Medium,289423,0.81,0.24,Stable,0.99
497,Tech,3307393,-0.08,272,0.57,High,0.26,5,Medium,427332,0.98,0.55,Growth,0.94
498,Retail,3928464,0.05,783,0.67,Low,0.28,6,High,134153,0.93,0.8,Growth,0.9
499,Tech,1126553,-0.09,52,0.93,High,0.7,3,Medium,767278,0.9,0.0,Growth,0.86
500,Healthcare,1335202,-0.08,567,0.58,Low,0.48,4,Medium,833930,0.73,0.63,Decline,0.94
501,Tech,245271,0.17,142,0.54,High,0.09,6,Medium,470331,0.37,0.6,Stable,0.85
502,Tech,2315685,-0.06,569,0.74,Low,0.31,7,Medium,808272,0.11,0.32,Growth,0.79
503,Healthcare,3843797,0.06,477,0.65,High,-0.45,1,Medium,127442,0.69,0.45,Decline,0.75
504,Tech,1614542,0.02,542,0.78,Low,0.19,7,Medium,876434,0.98,0.25,Stable,0.89
505,Retail,4280656,0.0,284,0.9,Medium,-0.02,1,Medium,107124,0.73,0.79,Stable,0.98
506,Retail,3030184,0.17,669,0.57,Low,-0.73,5,Medium,974114,0.93,0.63,Growth,0.75
507,Retail,176898,-0.09,210,0.79,Low,-0.51,6,Medium,361896,0.8,0.53,Growth,0.75
508,Healthcare,3395097,0.1,770,0.75,Low,-0.42,2,Low,309488,0.16,0.39,Decline,0.83
509,Tech,388316,0.19,801,0.57,High,0.85,10,Low,128947,0.25,0.29,Growth,0.94
510,Retail,2108954,0.07,380,0.81,High,-0.54,9,Medium,955404,0.34,0.82,Decline,0.79
511,Healthcare,1929553,0.18,382,0.64,High,-0.42,10,Low,911148,0.17,0.45,Stable,0.78
512,Tech,4188657,-0.08,99,0.74,Medium,-0.26,6,High,491209,0.58,0.5,Stable,0.89
513,Healthcare,3141341,0.03,572,0.54,Medium,0.33,7,Low,846505,0.98,0.52,Stable,0.86
514,Retail,1139504,-0.02,912,0.73,Low,-0.76,10,Medium,873683,0.76,0.45,Stable,0.72
515,Retail,4187810,0.12,717,0.65,Medium,0.91,8,Medium,146496,0.42,0.26,Growth,0.72
516,Retail,2205058,0.19,541,0.91,Low,0.73,10,Low,776797,0.0,0.12,Growth,0.89
517,Healthcare,1775843,-0.02,631,0.53,Low,0.15,1,Medium,875329,0.31,0.1,Decline,0.84
518,Healthcare,134701,0.1,730,0.71,Low,0.35,8,High,363760,0.53,0.76,Decline,0.99
519,Retail,3329028,-0.04,321,0.73,Medium,-0.97,4,High,312037,0.32,0.22,Decline,0.9
520,Healthcare,1821610,0.07,629,0.86,High,-0.32,10,Medium,551935,0.11,0.06,Decline,0.7
521,Retail,2280712,0.04,916,0.79,Medium,0.59,8,High,840914,0.44,0.8,Decline,0.84
522,Retail,2439767,0.19,301,0.83,Low,-0.85,6,High,420134,0.25,0.15,Stable,0.82
523,Tech,2714235,0.08,609,0.89,Low,-0.44,9,Low,272036,0.91,0.63,Stable,0.73
524,Healthcare,591036,0.0,745,0.93,Medium,0.17,4,High,516152,0.1,0.34,Stable,0.98
525,Retail,427304,-0.07,881,0.66,Low,-0.49,2,Low,744934,0.05,0.13,Decline,0.94
526,Retail,2562616,-0.05,748,0.77,Low,0.87,2,Medium,879716,0.01,0.41,Stable,0.77
527,Healthcare,2810241,-0.03,139,0.92,Medium,-0.74,5,Low,385076,0.33,0.01,Stable,0.78
528,Tech,3533803,-0.02,495,0.99,Medium,0.59,10,Medium,319482,0.66,0.84,Stable,0.71
529,Tech,1242953,0.16,381,0.94,Medium,0.02,9,Medium,223790,0.73,0.51,Stable,0.79
530,Retail,4061352,0.07,188,0.69,Low,0.5,3,Medium,193572,0.45,0.14,Growth,0.88
531,Healthcare,4078702,0.06,406,0.6,Low,-0.38,8,Medium,192617,0.68,0.24,Decline,0.83
532,Tech,4159175,-0.07,650,0.74,High,0.03,4,Medium,635768,0.36,0.45,Decline,0.99
533,Healthcare,426916,0.16,323,0.87,High,0.71,6,Low,710601,0.67,0.19,Growth,0.72
534,Healthcare,3697706,0.12,68,0.75,Medium,-0.07,10,Medium,270386,0.04,0.27,Stable,0.88
535,Retail,4606554,-0.08,360,0.74,High,-0.28,6,High,990325,0.39,0.53,Stable,0.96
536,Tech,705409,0.11,919,0.92,Low,0.07,3,High,54695,0.79,0.83,Stable,0.84
537,Retail,1174135,0.06,935,0.68,High,0.43,5,Medium,782426,0.8,0.4,Decline,0.7
538,Tech,3089179,-0.08,203,0.93,Low,-0.11,3,High,588606,0.72,0.72,Decline,0.77
539,Tech,1825690,0.04,439,0.7,Medium,0.88,1,Low,887366,0.2,0.88,Decline,0.8
540,Tech,3380772,0.05,309,0.66,Medium,-0.41,7,Low,465547,0.25,0.22,Decline,0.99
541,Tech,4257893,-0.05,669,0.73,Low,-0.05,4,Medium,433426,1.0,0.81,Decline,0.97
542,Tech,503119,0.18,932,0.88,High,0.51,7,Medium,758032,0.1,0.76,Growth,0.98
543,Healthcare,4266769,0.15,846,0.56,Medium,0.38,3,Medium,141891,0.18,0.36,Decline,0.95
544,Retail,4420295,0.1,620,0.6,Medium,0.73,5,High,520076,0.13,0.99,Stable,0.81
545,Healthcare,502732,0.04,174,0.98,High,0.99,5,High,799045,0.33,0.26,Decline,0.97
546,Tech,606079,0.02,403,0.59,High,-0.15,2,Low,118754,0.21,0.25,Growth,0.99
547,Retail,2050013,0.1,322,0.78,Low,-0.78,10,High,922109,0.5,0.77,Stable,0.81
548,Tech,2723836,0.06,668,0.79,High,-0.94,2,Low,938752,0.48,0.43,Growth,0.78
549,Retail,1232658,-0.08,860,0.74,High,0.45,4,High,446053,0.9,0.33,Stable,0.86
550,Healthcare,2085209,0.05,294,0.82,High,0.75,4,Low,437405,0.03,0.18,Decline,0.76
551,Retail,4422626,0.14,897,0.61,Low,-0.56,4,Medium,563904,0.32,0.77,Growth,0.71
552,Retail,756951,0.04,499,0.78,Low,-0.68,6,High,417482,0.6,0.79,Stable,0.98
553,Retail,111303,-0.08,979,0.69,Medium,-0.88,2,Low,614365,0.6,0.57,Decline,0.98
554,Retail,1310209,0.14,296,0.83,Low,0.65,6,High,392059,0.48,0.96,Stable,0.75
555,Retail,3579591,-0.04,569,0.57,Medium,-0.38,7,Medium,709599,0.82,0.32,Growth,0.82
556,Tech,2466610,-0.02,190,0.79,High,-0.2,10,Low,291504,0.06,0.22,Growth,0.95
557,Retail,4280303,-0.05,411,0.59,Medium,0.01,3,High,341813,0.82,0.68,Growth,0.9
558,Retail,1168199,-0.0,57,0.64,Medium,0.68,8,High,885056,0.49,0.76,Growth,0.82
559,Healthcare,4276224,0.13,527,0.61,High,0.3,2,Medium,911579,0.13,0.22,Decline,0.92
560,Retail,4784346,0.06,401,0.59,Medium,0.23,8,Medium,709510,0.89,0.08,Stable,0.97
561,Healthcare,558298,-0.04,544,0.91,Low,-0.65,5,Low,716469,0.65,0.81,Decline,0.98
562,Tech,1147343,0.16,655,0.64,Low,0.03,2,High,805110,0.16,0.98,Growth,0.81
563,Retail,205228,0.16,882,0.96,Low,0.43,7,High,731376,0.03,0.64,Stable,0.75
564,Healthcare,4720650,0.16,476,0.98,Low,0.95,2,Medium,717296,0.14,0.28,Growth,0.97
565,Healthcare,1855692,-0.03,88,0.79,Medium,-0.6,6,Medium,192108,0.61,1.0,Decline,0.73
566,Tech,984056,0.04,642,0.57,Medium,-0.98,10,Low,195093,0.18,0.89,Decline,0.92
567,Retail,1830228,0.2,236,0.69,High,-0.85,3,High,563694,0.23,0.51,Decline,0.74
568,Retail,2046793,0.13,645,0.9,Medium,-0.25,9,High,873375,0.03,0.83,Stable,0.82
569,Healthcare,1669123,-0.09,649,0.68,Medium,0.64,3,Low,163694,0.72,0.82,Stable,0.82
570,Retail,3379269,-0.08,803,0.54,Medium,-0.99,3,Low,284456,0.81,0.93,Growth,0.75
571,Healthcare,1826470,0.04,903,0.78,High,-0.09,5,Medium,262079,0.8,0.84,Stable,0.98
572,Retail,3440420,0.17,142,0.92,Low,-0.34,7,Medium,294269,0.13,0.64,Stable,0.7
573,Healthcare,148874,0.06,135,0.9,Medium,-0.9,8,Low,493232,0.9,0.61,Decline,0.97
574,Retail,1722572,0.05,93,0.59,High,-0.1,7,Low,466460,0.67,0.47,Growth,0.97
575,Tech,3320281,-0.07,186,0.84,High,-0.49,9,High,506243,0.9,0.63,Decline,0.8
576,Retail,2789784,0.1,470,0.61,High,-0.3,5,Low,819673,0.45,0.8,Growth,0.91
577,Retail,809662,0.15,123,0.61,Low,0.41,10,Low,173351,0.44,0.97,Growth,0.78
578,Tech,4972554,0.01,597,0.94,Medium,0.04,3,High,351129,0.78,0.47,Stable,0.93
579,Retail,570452,0.13,662,0.62,High,-0.75,6,Low,969006,0.09,0.57,Decline,0.87
580,Tech,2239686,0.19,561,0.63,Low,0.92,5,Medium,890268,0.52,0.44,Stable,0.79
581,Retail,2692670,-0.04,205,0.5,High,0.27,4,Medium,936146,0.84,0.67,Stable,0.82
582,Healthcare,4910833,0.06,987,0.94,High,0.53,2,High,578058,0.83,0.63,Stable,0.91
583,Healthcare,542061,-0.01,304,0.9,High,-0.84,7,Low,879297,0.96,0.02,Growth,0.97
584,Retail,3434732,0.14,220,0.81,High,-0.91,5,Medium,103811,0.7,0.54,Decline,0.74
585,Retail,3861675,0.07,777,0.88,High,-0.96,4,Medium,316145,0.21,0.09,Decline,0.87
586,Retail,2361286,0.09,219,0.58,Low,-0.62,8,Medium,635136,0.02,0.03,Stable,0.78
587,Healthcare,588972,0.14,813,0.73,Medium,-0.17,9,Medium,102635,0.48,0.79,Growth,0.94
588,Retail,1223994,0.02,921,0.68,Medium,0.87,9,Low,70946,0.51,0.26,Decline,0.72
589,Healthcare,3181328,0.17,371,0.55,Medium,-0.09,3,Low,670140,0.24,0.34,Decline,0.91
590,Tech,4198064,0.06,616,0.74,Medium,-0.42,3,Low,403247,0.12,0.06,Stable,0.75
591,Healthcare,2717703,-0.05,505,0.96,Low,0.12,5,Low,535260,0.59,0.18,Growth,0.88
592,Healthcare,263038,0.11,993,0.52,Low,-0.78,5,Medium,880176,0.76,0.77,Stable,0.95
593,Tech,4063735,0.14,652,0.65,Low,0.22,10,High,167729,0.99,0.49,Decline,0.93
594,Healthcare,1474572,-0.0,839,0.6,High,0.14,2,High,744519,0.76,0.88,Growth,0.93
595,Retail,2455874,0.16,662,0.62,High,0.58,1,Medium,335815,0.79,0.4,Stable,0.86
596,Retail,700530,0.17,204,0.95,High,0.97,8,Medium,721810,0.62,0.27,Decline,0.97
597,Healthcare,3748966,-0.02,938,0.73,Medium,-0.5,3,High,982412,0.99,0.35,Stable,0.88
598,Retail,1177833,0.2,398,0.73,High,0.02,1,High,500491,0.64,0.71,Stable,0.98
599,Healthcare,2677640,-0.06,500,0.88,Medium,0.82,1,Medium,478734,0.86,0.56,Stable,0.86
600,Retail,535423,-0.04,925,0.58,High,0.57,2,Medium,369957,0.95,0.9,Growth,0.85
601,Retail,1292929,-0.04,702,0.74,Medium,-0.03,6,Low,146748,0.93,0.6,Decline,0.77
602,Healthcare,423390,0.17,222,0.71,High,0.89,6,Low,813580,0.38,0.49,Decline,0.86
603,Retail,1764221,0.1,59,0.8,High,-0.89,3,High,450022,0.08,0.79,Decline,0.74
604,Healthcare,4168316,-0.05,789,1.0,Low,0.86,4,Medium,679021,0.17,0.95,Decline,0.96
605,Retail,1756671,0.03,314,0.88,High,-0.9,2,High,176865,0.06,0.36,Growth,0.9
606,Retail,238563,0.08,487,0.7,High,0.09,2,Low,395695,0.11,0.25,Stable,1.0
607,Tech,883066,-0.07,809,0.91,Low,0.78,7,Low,965767,0.18,0.62,Decline,0.73
608,Tech,1654623,0.16,296,0.59,Medium,-0.47,1,High,351364,0.34,0.5,Growth,0.77
609,Healthcare,4999856,0.14,716,0.52,Low,-0.06,7,Low,329302,0.54,0.99,Stable,0.96
610,Tech,4155957,0.05,595,0.6,Low,-0.35,1,Medium,917424,0.71,0.46,Growth,0.82
611,Healthcare,697897,0.19,548,0.67,Medium,0.9,6,High,995092,0.21,0.07,Growth,0.84
612,Tech,4041237,0.03,178,0.76,High,0.65,3,Medium,636864,0.67,0.98,Decline,0.96
613,Retail,872800,0.2,721,0.81,Medium,0.42,8,Medium,924459,0.7,0.84,Decline,0.86
614,Healthcare,2142999,0.1,650,0.96,High,0.18,6,Low,205260,0.56,0.18,Stable,0.76
615,Healthcare,3622554,0.09,654,0.75,High,0.64,2,Medium,273687,0.9,0.9,Stable,0.97
616,Retail,3759985,-0.05,376,0.75,Medium,-0.22,8,High,370974,0.11,0.34,Decline,0.71
617,Healthcare,2002897,0.16,802,0.53,Low,-0.1,5,Medium,709379,0.18,0.38,Growth,0.97
618,Healthcare,3676511,0.03,884,0.52,Medium,0.46,8,Medium,62419,0.43,0.91,Decline,0.72
619,Tech,1263950,-0.05,453,0.78,High,-0.28,8,Medium,607985,0.13,0.53,Stable,0.9
620,Healthcare,649148,-0.1,678,0.72,Medium,-0.87,6,Medium,397076,0.57,0.14,Growth,0.72
621,Retail,2873707,0.07,655,0.92,Medium,-0.85,2,Medium,431856,0.4,0.37,Growth,0.91
622,Tech,4778394,0.06,724,0.58,High,-0.77,8,Low,547784,0.28,0.72,Growth,0.71
623,Tech,2873939,0.12,660,0.51,Low,0.74,6,High,669716,0.17,0.17,Decline,0.95
624,Retail,2035740,0.17,674,0.72,Medium,-0.06,6,Low,713333,0.34,0.59,Decline,0.84
625,Retail,3534955,-0.08,408,0.62,High,0.43,8,High,813361,0.61,0.7,Stable,0.73
626,Tech,2845226,0.12,652,0.52,High,-0.21,1,High,660937,0.58,0.34,Growth,0.91
627,Healthcare,3277326,-0.04,907,0.86,Medium,-0.48,2,High,434793,0.16,0.69,Growth,0.85
628,Tech,1654510,0.16,767,0.56,Low,-0.31,9,High,323280,0.12,0.88,Decline,0.76
629,Retail,1930815,0.15,66,0.8,Medium,0.59,8,High,921171,0.03,0.47,Stable,0.7
630,Tech,3863122,0.06,323,0.64,Low,0.25,7,Medium,898934,0.01,0.38,Stable,0.83
631,Retail,2486378,0.11,734,0.59,Low,0.88,7,Low,212357,0.88,0.25,Growth,0.73
632,Tech,4521590,-0.01,165,0.69,Low,0.36,5,Low,859471,0.05,0.6,Decline,0.73
633,Healthcare,2634937,0.04,910,0.9,Low,0.14,2,Medium,903152,0.73,0.88,Growth,0.78
634,Tech,3257473,0.15,742,0.7,Medium,0.22,6,High,173168,0.87,0.32,Decline,0.89
635,Tech,912461,0.04,140,0.88,High,0.88,10,Low,662551,0.1,0.4,Stable,0.86
636,Retail,4527036,0.01,131,0.56,High,0.58,3,Medium,109155,0.44,0.41,Growth,0.72
637,Retail,4155555,0.05,373,0.89,High,-0.95,4,Medium,66911,0.96,0.56,Growth,0.99
638,Retail,1818224,0.15,163,0.62,High,0.07,10,Low,575204,0.83,0.23,Growth,0.97
639,Tech,2810626,0.0,818,0.84,High,0.38,2,Low,895484,0.49,0.82,Stable,0.78
640,Healthcare,1024044,-0.05,107,0.78,High,0.5,2,High,512326,0.76,0.3,Growth,0.74
641,Retail,3081352,0.11,203,0.96,Medium,-0.57,8,High,806983,0.83,0.71,Stable,0.98
642,Retail,1486652,0.15,926,0.69,Low,0.73,8,Low,329934,0.35,0.51,Decline,0.84
643,Tech,385555,-0.07,453,0.53,High,0.91,10,High,526377,0.89,0.59,Stable,0.79
644,Retail,544191,-0.03,677,0.51,Medium,-0.53,6,Medium,448422,0.47,0.18,Decline,0.85
645,Healthcare,1602337,-0.06,904,0.91,High,0.77,5,High,171937,0.53,0.74,Stable,0.93
646,Healthcare,3586669,0.0,315,0.76,High,-0.81,8,High,135053,1.0,0.19,Stable,0.75
647,Retail,1020597,0.04,364,0.89,Low,-0.89,4,Medium,362094,0.84,0.11,Growth,0.93
648,Retail,2143338,0.12,764,0.62,Low,-0.74,4,High,428355,0.36,0.55,Stable,0.92
649,Tech,3822946,0.1,90,0.67,Low,-0.88,5,Medium,892793,0.01,0.71,Growth,0.86
650,Healthcare,1586205,0.09,154,0.52,High,0.69,1,High,897883,0.63,0.05,Decline,0.96
651,Healthcare,2965899,0.01,950,0.98,High,-0.88,1,Low,349840,0.7,0.07,Decline,0.74
652,Retail,324695,0.15,939,0.83,High,-0.46,2,High,524857,0.65,0.8,Growth,0.88
653,Tech,3081467,0.04,242,0.97,Low,-0.79,8,Low,676683,0.97,0.81,Decline,0.83
654,Healthcare,3541628,0.19,450,0.63,Medium,-0.41,7,Low,960553,0.86,0.25,Stable,0.83
655,Healthcare,1201844,0.09,327,0.81,High,-0.82,10,Low,883160,0.45,0.62,Growth,0.78
656,Tech,4867493,-0.06,403,0.84,High,0.34,9,Low,367545,0.06,0.44,Growth,0.81
657,Tech,1510706,0.1,798,0.66,High,-0.73,5,Low,247298,0.48,0.63,Growth,0.73
658,Healthcare,3440216,-0.0,986,0.92,Medium,0.7,2,Medium,599391,0.69,0.86,Decline,0.78
659,Healthcare,3933284,0.11,782,0.97,High,0.63,7,Medium,477479,0.61,0.08,Decline,0.78
660,Tech,4957088,-0.08,629,0.94,Medium,-0.97,8,Medium,832065,0.54,0.78,Stable,0.92
661,Healthcare,1947865,-0.05,758,0.87,High,0.79,7,Low,519837,0.47,0.49,Stable,0.71
662,Retail,1019484,0.16,305,0.64,Medium,-0.94,7,High,362188,0.29,0.56,Growth,0.9
663,Retail,4997954,-0.03,700,0.64,High,-0.52,5,Medium,632018,0.28,0.65,Stable,0.77
664,Tech,4117136,0.15,873,0.98,Low,-0.94,2,High,75825,0.5,0.92,Decline,0.72
665,Tech,444855,-0.02,996,0.51,Low,-0.33,6,High,781616,0.16,0.06,Stable,0.79
666,Tech,1174961,0.09,710,0.86,Low,0.03,4,Low,547393,0.34,0.03,Decline,0.77
667,Retail,4725678,0.11,148,0.85,Low,0.59,10,Low,87271,0.32,0.18,Stable,0.87
668,Healthcare,3661963,0.05,637,0.81,High,-0.32,2,Low,127256,0.59,0.99,Decline,0.81
669,Retail,2477935,-0.01,331,1.0,Low,0.41,9,Medium,489948,0.07,0.72,Decline,0.99
670,Healthcare,1234106,-0.04,932,0.66,Medium,-0.62,7,Low,116433,0.83,0.61,Stable,0.99
671,Retail,4578011,-0.09,452,0.67,Low,0.5,6,Medium,787990,0.56,0.05,Stable,0.83
672,Healthcare,2574968,-0.01,158,0.54,Low,-0.53,5,Medium,151999,0.67,0.88,Decline,0.94
673,Retail,2542266,0.1,749,0.72,Low,-0.71,3,Medium,806350,0.7,0.81,Growth,0.7
674,Tech,4537677,0.18,248,0.63,High,-0.63,10,Medium,597860,0.29,0.66,Stable,0.86
675,Retail,4642001,0.16,352,0.67,Low,-0.64,10,Low,612834,0.47,0.34,Decline,0.92
676,Healthcare,1318758,0.13,376,0.92,Medium,0.03,4,Medium,982654,0.96,0.07,Stable,0.77
677,Retail,1755743,0.14,203,0.97,Low,0.69,3,Low,890597,0.77,0.58,Stable,0.72
678,Retail,4077019,0.1,601,0.59,Low,-0.84,8,Low,900122,0.97,0.72,Stable,0.75
679,Retail,3168281,-0.02,694,0.69,Low,0.41,3,Medium,496880,0.75,0.09,Stable,0.83
680,Tech,4625208,0.17,454,0.96,Medium,0.31,7,Low,525551,0.18,0.63,Stable,0.85
681,Retail,618349,0.1,511,0.53,Low,0.75,7,High,780559,0.06,0.29,Growth,0.81
682,Tech,2981990,0.07,181,0.55,Medium,-0.51,7,Low,571727,0.58,0.76,Growth,0.83
683,Tech,897968,-0.07,840,0.58,Medium,-0.1,7,Low,86948,0.36,0.54,Growth,0.84
684,Retail,179083,0.03,923,0.8,Low,0.85,2,Medium,863439,0.28,0.13,Decline,0.93
685,Retail,2755971,0.04,133,0.58,Medium,0.32,10,Medium,675107,0.81,0.53,Growth,0.73
686,Retail,4097615,0.16,448,0.98,High,-0.22,3,Low,403351,0.37,0.4,Growth,0.93
687,Healthcare,2974299,0.06,803,0.72,Low,-0.74,10,Medium,534137,0.32,0.18,Decline,0.91
688,Retail,4948341,0.01,677,0.75,Low,-0.48,9,High,913204,0.85,0.84,Growth,0.92
689,Tech,1904673,0.19,158,0.62,Medium,0.16,3,High,596312,0.85,0.01,Stable,0.92
690,Retail,3038199,-0.07,270,0.74,Medium,0.44,2,Medium,817768,0.36,0.31,Growth,0.84
691,Healthcare,709996,0.03,953,0.83,Low,-0.75,9,Low,657200,0.83,0.01,Growth,0.76
692,Retail,878513,-0.09,602,0.88,High,0.2,10,High,829521,0.85,0.1,Growth,0.86
693,Healthcare,3403389,0.12,417,0.88,Medium,0.1,9,High,283746,0.42,0.3,Stable,0.99
694,Healthcare,4454385,0.18,196,0.79,Medium,0.03,4,Low,461373,0.07,0.05,Stable,0.88
695,Retail,488590,-0.02,161,0.95,High,0.38,9,Medium,835427,0.0,0.6,Stable,0.7
696,Tech,1865982,0.16,664,0.91,High,0.67,3,High,921913,0.52,0.09,Stable,0.72
697,Healthcare,2878655,-0.01,607,0.88,Low,-0.35,7,Low,545336,0.34,0.7,Decline,1.0
698,Retail,3251882,0.17,973,0.53,High,0.78,7,Low,400697,1.0,0.05,Stable,0.72
699,Retail,3310016,0.13,543,0.5,Low,-0.68,8,High,707116,0.77,0.06,Stable,0.71
700,Tech,2479877,0.14,554,0.61,High,-0.65,10,Medium,281749,0.76,0.31,Stable,0.81
701,Healthcare,2489383,-0.09,524,0.83,Medium,-0.47,4,High,676776,0.96,0.9,Stable,0.99
702,Healthcare,264053,0.19,885,0.71,Low,-0.76,3,Low,671029,0.89,0.64,Decline,0.8
703,Retail,4887890,0.12,939,0.7,Low,-0.54,3,High,763411,0.32,0.77,Growth,0.82
704,Retail,1536536,-0.01,320,0.94,Low,-0.79,5,Medium,281773,0.17,0.14,Growth,0.89
705,Tech,2642637,0.15,470,0.95,High,0.64,1,Low,390354,0.75,0.83,Stable,0.71
706,Tech,3490926,-0.02,946,0.95,Medium,-0.72,10,Medium,224166,0.38,0.01,Stable,0.97
707,Healthcare,3713263,0.16,756,0.66,Low,0.49,3,High,552066,0.47,0.21,Stable,0.86
708,Healthcare,4258549,-0.07,416,0.85,Low,-0.9,6,High,793249,0.63,0.62,Growth,0.84
709,Retail,1446208,0.11,329,0.64,Low,0.9,3,Medium,447751,0.91,0.38,Growth,0.96
710,Healthcare,4630889,0.06,332,0.6,Low,0.42,5,High,499251,0.42,0.98,Stable,0.99
711,Tech,1878599,-0.07,89,0.59,Medium,-0.99,9,Medium,566031,0.78,0.03,Growth,0.83
712,Tech,122431,-0.03,238,0.67,High,0.53,2,High,97367,0.27,1.0,Decline,0.75
713,Retail,1343131,-0.1,213,0.71,Medium,0.03,2,Medium,812832,0.7,0.62,Stable,0.94
714,Tech,747008,0.04,585,0.92,Low,0.56,6,Medium,984622,0.0,0.56,Stable,0.82
715,Tech,673441,-0.01,585,0.56,Medium,0.04,6,Low,503028,0.87,0.06,Decline,0.98
716,Tech,4562816,0.08,53,0.87,Low,0.28,8,Low,634172,0.03,0.27,Decline,0.98
717,Tech,4470380,-0.01,884,0.77,High,0.57,2,Medium,509384,0.71,0.92,Growth,0.73
718,Retail,2149949,-0.01,339,0.64,High,-0.19,9,High,718640,0.05,0.35,Decline,0.99
719,Retail,1368300,0.12,482,0.75,High,-0.99,2,High,457962,0.27,0.66,Stable,0.81
720,Healthcare,2047763,-0.09,520,0.65,Low,0.7,1,High,414716,0.5,1.0,Growth,0.89
721,Tech,1729849,0.17,230,0.8,Medium,-0.24,10,Medium,627539,0.42,0.26,Decline,0.71
722,Healthcare,1985077,0.16,297,0.72,High,-0.01,2,Medium,134821,0.19,0.58,Growth,0.97
723,Retail,3982149,0.1,677,0.58,Low,-0.98,7,Medium,657871,0.33,0.7,Growth,0.89
724,Retail,4973062,0.08,328,0.56,Low,-0.02,8,Medium,294697,0.73,0.16,Growth,0.89
725,Retail,150861,0.17,926,0.77,Medium,0.97,5,Low,60207,0.67,0.15,Growth,0.97
726,Retail,4945710,-0.04,630,0.95,High,-0.44,6,Medium,776487,0.07,0.46,Decline,0.85
727,Retail,4100737,-0.08,912,0.67,Low,-0.21,1,High,77757,0.75,0.39,Stable,0.82
728,Retail,821001,-0.03,303,0.87,Medium,0.37,6,Low,983730,0.05,0.71,Stable,0.96
729,Retail,2091083,0.14,230,0.83,High,0.63,8,High,504623,0.54,0.07,Decline,0.92
730,Tech,4619216,-0.09,879,0.97,Medium,-0.17,3,Medium,994710,0.26,0.97,Stable,0.98
731,Healthcare,1723911,0.07,730,0.91,Medium,-0.38,1,Low,725616,0.59,0.01,Growth,0.98
732,Retail,1543717,0.2,874,0.78,Low,0.88,4,Medium,870254,0.26,0.6,Growth,0.81
733,Tech,4509352,0.16,558,0.83,Low,0.35,1,Low,312070,0.98,0.56,Growth,0.83
734,Tech,2957733,0.06,810,0.95,Low,-0.76,8,High,91340,0.31,0.13,Decline,0.78
735,Healthcare,1305663,-0.08,749,0.7,Medium,-0.86,5,Medium,292955,0.24,0.15,Growth,0.9
736,Retail,133320,0.15,615,0.66,Low,-0.03,1,Medium,879783,0.28,0.79,Growth,0.81
737,Healthcare,427025,0.08,375,0.51,Medium,-0.56,8,Low,942743,0.9,0.89,Decline,0.94
738,Retail,464359,-0.07,406,0.91,Medium,-0.49,9,Low,649608,0.64,0.28,Growth,0.74
739,Tech,1408507,-0.07,874,0.9,Low,0.76,10,Medium,414709,0.73,0.44,Growth,0.73
740,Tech,4166621,0.17,699,0.55,High,-0.82,2,Low,478373,0.92,0.35,Stable,0.76
741,Tech,1043187,0.1,729,0.79,High,0.43,9,Medium,332081,0.91,0.07,Decline,0.73
742,Tech,4093710,0.15,440,0.73,High,-0.46,8,Low,323363,0.74,0.67,Growth,0.89
743,Healthcare,1697690,0.16,664,0.56,Medium,0.52,7,High,59399,0.2,0.83,Growth,0.74
744,Retail,200734,0.07,983,0.99,Medium,0.44,3,Low,701021,0.84,0.3,Growth,0.75
745,Retail,257702,0.06,134,0.61,Medium,-0.99,2,High,804208,0.2,0.99,Growth,0.7
746,Healthcare,2951274,0.03,366,0.53,Low,0.02,7,Low,995161,0.74,0.08,Stable,0.93
747,Retail,1325811,-0.0,261,0.8,Medium,-0.72,5,Low,856479,0.69,0.66,Stable,0.94
748,Tech,1247087,0.03,564,0.87,Low,0.73,6,Medium,281615,0.76,0.45,Stable,0.75
749,Retail,3181091,0.13,433,0.52,Low,0.74,4,Low,659981,0.53,0.45,Stable,0.92
750,Tech,3929049,0.08,740,0.83,High,-0.16,2,Low,675219,0.64,0.46,Decline,0.83
751,Healthcare,2803381,0.17,391,0.77,High,-0.11,9,High,750251,0.95,0.26,Growth,0.77
752,Retail,1968670,0.03,864,0.55,High,-0.39,3,Low,187852,0.1,0.72,Stable,0.89
753,Healthcare,4393122,0.08,893,0.59,Low,0.43,7,Medium,339194,0.31,0.72,Growth,0.75
754,Retail,4446664,0.09,87,0.78,Low,-0.28,8,High,647839,0.61,0.28,Decline,0.93
755,Tech,4913673,0.08,560,0.65,Low,-0.46,2,Medium,380810,0.96,0.84,Growth,0.71
756,Healthcare,4855469,0.11,469,0.97,Medium,-0.14,6,Medium,798979,0.1,0.32,Growth,0.99
757,Retail,1032817,-0.03,800,0.91,Low,-0.82,8,Medium,656304,0.02,0.73,Stable,0.72
758,Tech,4435702,0.05,218,0.99,High,0.49,7,Medium,687423,0.06,0.12,Stable,0.87
759,Healthcare,3378360,-0.07,958,0.63,High,-0.97,3,High,103010,0.05,0.17,Decline,0.97
760,Healthcare,3062732,0.02,392,0.98,Low,0.29,1,Low,282084,0.91,0.32,Growth,0.7
761,Retail,2280338,0.05,875,0.72,Low,-0.63,6,Medium,612453,0.72,0.59,Stable,0.85
762,Retail,2092825,0.1,355,0.67,High,-0.54,8,High,323672,0.68,0.65,Stable,0.81
763,Retail,3932978,0.19,591,0.53,Low,0.27,6,Medium,957272,0.52,0.4,Stable,0.87
764,Tech,4215811,0.08,751,0.53,High,0.99,5,Low,230680,0.78,0.08,Decline,0.77
765,Retail,694604,0.12,918,0.85,Medium,0.56,8,High,449130,0.16,0.37,Growth,0.72
766,Healthcare,2149927,0.05,586,0.73,High,-0.55,2,High,611424,0.39,0.69,Stable,0.89
767,Healthcare,3274108,0.09,161,0.61,Medium,-0.65,1,Low,978683,0.49,0.67,Growth,0.83
768,Retail,2831638,-0.08,460,0.81,Low,0.73,1,High,398152,0.11,0.16,Decline,0.89
769,Retail,364500,-0.02,996,0.63,Low,-0.11,4,Low,586364,0.42,0.01,Growth,0.76
770,Healthcare,2267478,0.01,255,0.79,Medium,-0.73,6,High,960343,0.32,0.75,Stable,0.8
771,Tech,3076031,0.04,234,0.68,Low,0.72,9,High,730143,0.04,0.11,Growth,0.87
772,Retail,739282,-0.09,431,0.91,Medium,0.63,1,Low,953057,0.14,0.08,Growth,0.88
773,Retail,3003633,-0.06,545,0.91,Low,0.97,1,Low,752076,0.76,0.0,Decline,0.81
774,Healthcare,2040369,-0.02,428,0.74,High,0.82,5,High,624586,0.02,0.43,Decline,0.78
775,Retail,4048242,0.19,96,0.68,Low,0.7,10,High,890736,0.93,0.5,Growth,0.78
776,Tech,1317060,-0.0,935,0.68,High,-0.89,5,Low,915792,0.09,0.64,Growth,0.75
777,Healthcare,1131519,0.04,789,0.9,High,-0.79,5,Low,119835,0.8,0.3,Growth,0.8
778,Retail,889352,-0.04,600,0.66,Medium,0.14,10,High,572757,0.9,0.71,Decline,0.76
779,Healthcare,4778714,0.08,577,0.6,Low,0.06,6,High,686712,0.94,0.17,Decline,0.89
780,Retail,1490281,-0.02,553,0.54,Medium,-0.08,8,High,713478,0.87,0.83,Growth,0.87
781,Retail,4041106,-0.04,71,0.73,Low,-0.21,3,Low,304394,0.29,0.57,Decline,0.81
782,Retail,2422466,0.05,262,0.74,High,-0.14,9,High,369055,0.33,0.58,Stable,0.8
783,Tech,1951317,-0.1,359,0.92,High,0.14,1,Medium,153088,0.43,0.21,Decline,0.77
784,Tech,2046830,-0.1,710,0.61,Low,-1.0,4,Low,589473,0.14,0.07,Decline,0.86
785,Healthcare,2714150,-0.03,802,0.69,Low,-0.48,9,High,624901,0.02,0.46,Decline,0.98
786,Retail,1668560,-0.09,321,0.9,Medium,0.04,8,Low,815372,0.87,0.62,Stable,0.91
787,Retail,4760061,-0.07,620,0.91,Low,0.44,10,Medium,214999,0.55,0.1,Stable,0.92
788,Tech,2705214,0.0,848,0.69,Low,-0.65,9,Low,312530,0.61,0.95,Stable,0.95
789,Retail,2329180,0.14,987,0.73,Low,0.09,1,High,535369,0.93,0.98,Growth,0.81
790,Tech,2428599,0.07,251,0.65,Medium,0.43,9,Medium,515944,0.67,0.55,Growth,0.72
791,Retail,1095843,0.05,81,0.97,Low,-0.11,3,Medium,342164,0.69,0.95,Stable,0.89
792,Healthcare,4288891,-0.01,492,0.56,High,-0.95,10,High,616966,0.79,0.18,Growth,0.76
793,Retail,726045,0.18,211,0.97,Medium,-0.1,9,High,267767,0.12,0.03,Growth,0.87
794,Retail,4131419,0.02,816,0.84,Medium,-0.41,1,High,111394,0.36,0.04,Growth,0.92
795,Tech,4595511,-0.07,303,0.77,High,0.86,1,Low,774305,0.97,0.59,Stable,0.94
796,Retail,1524945,0.09,570,0.52,High,-0.75,9,Low,689665,0.92,0.06,Decline,0.79
797,Retail,1491538,-0.07,700,0.74,High,0.3,6,Low,696004,0.88,0.96,Stable,0.85
798,Tech,2463999,0.0,529,0.7,Low,-0.89,4,High,237486,0.45,0.14,Stable,0.89
799,Healthcare,820488,0.05,59,0.58,High,-0.11,7,High,630206,0.86,0.3,Growth,0.95
800,Healthcare,4890691,0.16,775,0.83,Low,0.11,5,Low,534497,0.05,0.82,Growth,0.93
801,Tech,519065,0.05,554,0.99,Medium,-0.4,10,Medium,292556,0.15,0.22,Decline,1.0
802,Tech,2884372,0.11,834,0.78,Medium,-0.09,7,Low,427784,0.41,0.24,Decline,0.7
803,Tech,4325889,0.2,885,0.86,High,-0.67,8,Medium,734815,0.48,0.64,Decline,0.83
804,Tech,1563807,-0.06,609,0.53,Low,-0.39,8,High,416590,0.26,0.28,Decline,0.78
805,Tech,3192195,-0.02,485,0.71,High,0.24,1,High,219807,0.36,0.22,Stable,0.74
806,Healthcare,1716449,0.02,160,0.56,High,-0.4,8,Low,144702,0.16,0.25,Decline,0.97
807,Healthcare,389102,0.03,202,0.81,Low,0.8,6,Low,155509,0.49,0.49,Stable,1.0
808,Tech,1436737,0.02,684,0.97,High,0.26,4,High,405752,0.79,0.97,Growth,0.75
809,Retail,3160006,0.17,966,0.83,Medium,-0.12,8,Low,164310,0.66,0.83,Decline,0.71
810,Tech,2477074,0.11,918,0.54,High,-0.92,3,High,979613,0.11,0.28,Growth,0.78
811,Retail,2897753,0.08,151,0.68,Low,-0.0,4,High,882234,0.49,0.36,Growth,0.95
812,Tech,1190805,-0.01,802,0.78,Low,0.53,6,Medium,773380,0.7,0.46,Stable,0.79
813,Tech,4543778,0.15,882,0.7,Medium,-0.47,7,Low,608910,0.53,0.98,Decline,0.72
814,Healthcare,4262065,0.19,240,0.92,Low,0.61,4,High,159935,0.39,0.17,Stable,0.72
815,Retail,3110087,0.15,778,0.91,Low,-0.5,4,Low,310440,0.62,0.36,Growth,0.83
816,Retail,360116,-0.1,612,0.81,Medium,0.65,7,Medium,167919,0.97,0.73,Decline,0.98
817,Healthcare,3068462,0.09,853,0.69,High,-0.83,6,Medium,970101,0.09,0.96,Growth,0.79
818,Healthcare,3142146,-0.08,130,0.63,Medium,0.73,8,Low,746314,0.39,0.16,Growth,0.83
819,Healthcare,2718137,-0.02,538,0.55,High,-0.0,1,Low,119519,0.41,0.23,Decline,0.73
820,Healthcare,4314279,-0.08,944,0.68,Medium,-0.41,10,High,761475,0.58,0.23,Decline,0.85
821,Retail,4452099,0.08,137,0.71,High,-0.47,7,Medium,548204,0.15,0.02,Decline,0.91
822,Retail,3662223,0.11,243,0.84,Medium,-0.14,7,Medium,306587,0.18,0.6,Stable,0.78
823,Tech,1357949,-0.07,153,0.83,High,1.0,7,Medium,198112,0.29,0.67,Stable,0.79
824,Tech,3071981,0.02,832,0.54,Medium,-0.56,7,Low,94772,0.96,0.6,Growth,0.95
825,Healthcare,3950241,0.04,145,0.7,High,-0.79,10,High,172431,0.73,0.07,Decline,0.7
826,Healthcare,4059076,0.01,472,0.59,Medium,0.17,10,Low,932522,0.66,0.07,Growth,0.89
827,Healthcare,3834340,-0.06,940,0.58,Low,-0.02,8,Low,244904,0.82,0.21,Growth,0.82
828,Tech,3421765,0.03,247,0.91,High,0.05,9,Low,208988,0.13,0.29,Growth,0.79
829,Tech,488076,0.13,50,0.52,Medium,0.33,9,High,881303,0.86,0.79,Growth,0.9
830,Tech,4984797,-0.08,456,0.71,High,-0.47,2,Low,564743,0.59,0.16,Growth,0.95
831,Tech,3209244,-0.08,427,0.58,High,0.82,7,Medium,862804,0.34,0.04,Decline,0.87
832,Tech,4916909,0.01,216,0.94,Medium,-0.13,7,Medium,89080,0.82,0.39,Stable,0.71
833,Tech,2298611,0.18,558,0.78,High,-0.74,4,Medium,156242,0.8,0.42,Decline,0.84
834,Tech,2060826,0.1,687,0.62,Medium,0.48,9,High,879154,0.85,0.45,Decline,0.84
835,Healthcare,2944664,0.1,362,0.75,Low,0.29,8,Low,564080,0.12,0.83,Decline,0.86
836,Healthcare,2713275,0.01,642,0.87,High,-0.37,1,High,79048,0.97,0.1,Stable,0.9
837,Healthcare,1478369,0.08,467,0.98,Low,0.24,2,Low,659493,0.96,0.7,Stable,0.71
838,Healthcare,2523970,-0.1,812,0.61,High,-0.56,2,Medium,977281,0.36,0.34,Stable,0.85
839,Tech,2190212,0.09,730,0.94,High,-0.11,8,Low,366855,0.07,0.31,Decline,0.88
840,Retail,4271774,0.17,526,0.97,High,0.8,1,Low,217403,0.17,0.93,Stable,0.8
841,Tech,2341984,0.08,122,0.96,Medium,-0.73,4,Low,306392,0.99,0.25,Growth,0.9
842,Retail,252999,0.16,190,0.82,Low,-0.23,10,High,70968,0.56,0.64,Stable,0.77
843,Healthcare,4642923,0.12,631,0.81,High,0.64,5,Low,497185,0.36,0.28,Decline,0.8
844,Tech,161367,-0.06,311,0.7,Medium,0.94,9,Low,284417,0.29,0.51,Decline,0.99
845,Healthcare,853315,0.17,389,0.88,High,-0.09,7,Low,585580,0.26,0.79,Growth,0.8
846,Tech,4700108,-0.08,357,0.77,Medium,0.01,8,High,826230,0.66,0.88,Stable,0.8
847,Healthcare,3105334,0.06,294,0.84,High,0.14,9,High,391603,0.42,0.84,Stable,0.88
848,Retail,2954190,-0.06,564,0.71,Low,0.86,7,High,823292,0.97,0.58,Growth,0.99
849,Retail,1384382,-0.1,386,0.87,Low,0.72,5,Low,886624,0.68,0.25,Decline,0.99
850,Retail,3953321,0.03,624,0.91,High,-0.66,5,Medium,995207,0.79,0.66,Decline,0.87
851,Tech,2754837,-0.01,610,0.57,Medium,-0.13,10,Medium,658481,0.29,0.71,Stable,0.7
852,Retail,3584239,0.05,125,0.92,High,-0.07,6,Medium,643453,0.08,0.01,Stable,0.97
853,Tech,1142377,0.07,929,0.77,Medium,0.58,5,Low,904082,0.49,0.44,Stable,0.87
854,Retail,4677033,-0.09,224,0.92,High,0.21,9,Medium,543197,0.31,0.84,Stable,0.81
855,Retail,3357181,-0.06,158,0.72,Medium,0.31,3,Medium,966290,0.2,0.49,Stable,0.95
856,Tech,1023780,0.07,232,0.69,Low,1.0,3,Medium,675686,0.95,0.31,Decline,0.82
857,Tech,2966451,0.0,241,0.96,High,-0.85,7,Low,796470,0.44,0.87,Decline,0.71
858,Retail,2568152,0.12,114,0.63,Low,-0.55,7,Medium,934317,0.17,0.16,Decline,0.95
859,Tech,4507871,0.1,898,0.92,Low,-0.18,6,Medium,203329,0.2,0.21,Decline,0.86
860,Retail,2042811,0.15,523,0.74,High,-0.3,3,Low,150588,0.28,0.69,Growth,0.8
861,Tech,398090,0.11,832,0.76,High,-0.96,7,High,415500,1.0,0.35,Decline,0.78
862,Healthcare,417348,0.03,149,0.65,Medium,-0.82,5,Medium,827110,0.27,0.71,Growth,0.88
863,Healthcare,1426283,0.1,593,0.79,Medium,0.36,7,High,574186,0.33,0.16,Decline,0.76
864,Healthcare,192324,-0.02,913,0.66,Low,0.76,2,Medium,919941,0.66,0.25,Stable,0.8
865,Healthcare,2420688,-0.01,177,0.52,Medium,0.03,6,Low,796633,0.29,0.16,Stable,0.89
866,Healthcare,1905808,0.14,501,0.64,Medium,0.08,8,High,363816,0.22,0.95,Stable,0.96
867,Retail,1420567,0.03,963,0.5,High,-0.49,1,High,782943,0.16,0.41,Growth,0.86
868,Healthcare,4320459,0.14,418,0.99,Medium,0.54,4,High,562552,0.31,0.34,Decline,0.93
869,Healthcare,4636119,0.15,900,0.98,Low,0.5,1,High,334257,0.11,0.01,Decline,0.93
870,Healthcare,4115470,0.16,92,0.7,Medium,0.18,1,Medium,312838,0.02,0.15,Growth,0.9
871,Healthcare,4754798,0.17,933,0.86,Low,-0.57,10,Medium,65588,0.8,0.42,Growth,0.77
872,Tech,3377419,0.03,468,0.67,High,-0.81,8,High,767116,0.14,0.07,Growth,0.96
873,Retail,3722138,-0.0,537,0.84,Low,-0.87,7,Medium,507301,0.78,0.51,Growth,0.83
874,Healthcare,2640476,0.07,127,0.9,Medium,0.19,10,High,816719,0.8,0.46,Growth,0.71
875,Healthcare,4329011,0.01,875,0.97,High,0.65,1,High,295456,0.54,0.77,Stable,0.77
876,Healthcare,1037841,0.08,850,0.7,Medium,0.72,2,Low,766502,0.31,0.66,Decline,0.93
877,Retail,1667053,0.11,319,0.89,High,-0.07,4,High,114373,0.15,0.45,Growth,0.72
878,Tech,2016545,0.11,723,0.63,High,0.57,1,Medium,922035,0.74,0.22,Stable,0.74
879,Retail,2943940,0.01,750,1.0,Medium,0.89,3,High,580992,0.6,0.73,Growth,0.91
880,Tech,4647603,-0.05,808,0.51,Medium,-0.45,8,Low,90136,0.66,0.71,Stable,0.97
881,Healthcare,4032441,0.03,949,0.8,High,-0.2,8,Medium,641795,0.01,0.15,Growth,0.89
882,Healthcare,1307068,-0.06,777,0.83,High,0.86,8,Low,97361,0.93,0.91,Decline,0.77
883,Retail,4464406,0.17,364,0.84,Medium,-0.32,6,Low,895279,0.07,0.06,Growth,0.72
884,Retail,494274,0.0,974,0.56,Low,0.83,6,High,942791,0.37,0.06,Growth,0.88
885,Tech,4511589,-0.05,900,0.97,Medium,0.96,5,Low,192513,0.4,0.19,Decline,0.71
886,Tech,1486980,-0.09,951,0.59,High,0.32,9,Low,431050,0.0,0.91,Decline,0.88
887,Retail,1308052,0.09,938,0.81,Medium,0.63,4,Medium,64677,0.5,0.52,Growth,0.77
888,Tech,2955994,0.09,994,0.61,Low,0.5,10,Low,864250,0.75,0.79,Decline,0.97
889,Retail,3047762,0.0,217,0.65,Medium,0.4,7,High,314012,0.82,0.23,Decline,0.84
890,Tech,2493293,-0.08,388,0.77,High,-0.39,1,High,657879,0.88,0.49,Stable,0.77
891,Retail,3140267,0.02,242,0.71,Medium,-0.89,9,High,960394,0.49,0.36,Decline,0.96
892,Retail,3942323,-0.01,502,0.58,High,-0.31,7,Low,379408,0.63,0.83,Decline,0.78
893,Retail,1397076,0.1,332,0.59,High,0.33,10,Medium,647456,0.08,0.02,Growth,0.79
894,Tech,1280887,0.08,385,0.71,Medium,-0.79,9,High,717403,0.49,0.24,Growth,0.95
895,Tech,1907610,0.01,439,0.88,High,-0.98,7,Low,121939,0.15,0.15,Stable,0.79
896,Tech,4539850,-0.03,574,0.95,High,-0.72,2,High,327876,0.37,0.86,Growth,0.82
897,Retail,2848385,0.2,289,0.54,Low,0.43,6,High,891676,0.33,0.47,Decline,0.8
898,Tech,3815288,0.04,881,0.7,Low,0.95,10,Medium,461742,0.42,0.4,Decline,0.73
899,Tech,2024401,0.11,532,0.55,Low,0.97,4,High,845772,0.57,0.45,Decline,0.71
900,Retail,1996220,-0.06,708,0.51,Low,-0.01,3,Medium,809848,0.9,0.97,Growth,0.92
901,Healthcare,3238744,0.05,765,0.83,High,0.74,2,Low,858826,0.39,0.85,Decline,0.89
902,Retail,246470,-0.09,641,0.8,Medium,0.47,6,High,410701,0.98,0.71,Decline,0.78
903,Tech,1467223,0.05,940,0.58,High,0.0,8,Low,185174,0.76,0.29,Stable,0.79
904,Retail,1155146,0.19,604,0.62,High,0.15,6,Low,545062,0.51,0.17,Stable,0.98
905,Healthcare,2528081,0.02,507,0.51,High,-0.73,9,Low,593447,0.64,0.92,Stable,1.0
906,Retail,3779126,-0.09,138,0.92,Medium,0.88,5,High,172366,0.1,0.42,Growth,0.84
907,Tech,3744843,-0.09,709,0.99,Low,-0.3,2,Medium,246164,0.84,0.28,Decline,0.94
908,Healthcare,4373445,0.02,144,0.57,High,-0.11,8,High,842644,0.58,0.47,Decline,0.92
909,Tech,4306419,-0.05,501,0.62,High,0.34,9,Low,540576,0.99,0.92,Decline,0.79
910,Healthcare,3284790,-0.09,477,0.93,Low,-0.33,10,Medium,873837,0.64,0.39,Stable,0.72
911,Healthcare,3006495,0.13,200,0.96,High,-0.49,4,Low,442776,0.83,0.56,Decline,0.74
912,Retail,4241363,0.04,563,0.71,Medium,0.26,6,Medium,389205,0.8,0.8,Decline,0.95
913,Retail,1674833,-0.01,425,0.53,High,-0.95,10,High,406440,0.35,0.43,Decline,0.92
914,Tech,3027337,0.17,71,0.52,High,0.44,8,Medium,891618,0.26,0.23,Decline,0.9
915,Retail,2148891,-0.07,932,0.79,Low,0.03,9,High,816164,0.43,0.99,Decline,0.74
916,Retail,1270439,0.19,362,0.7,High,0.21,5,Low,798353,0.47,0.96,Growth,0.89
917,Healthcare,3746804,-0.01,889,0.51,High,0.26,6,Medium,435289,0.24,0.84,Decline,0.93
918,Retail,747296,0.17,568,0.79,Medium,0.05,4,Low,556767,0.89,0.69,Growth,0.96
919,Healthcare,1649302,0.08,255,0.51,Low,0.17,5,Medium,584820,0.54,0.29,Decline,0.7
920,Healthcare,3222951,0.15,424,0.89,Low,0.37,7,High,260126,0.98,0.91,Growth,0.91
921,Healthcare,1778687,0.2,500,0.65,Medium,0.51,9,Medium,266351,0.81,0.28,Decline,0.71
922,Tech,900101,-0.01,675,0.52,High,0.45,10,Medium,378684,0.56,0.8,Decline,0.91
923,Tech,4200612,0.19,833,0.79,Low,0.74,6,High,153021,0.95,0.92,Decline,0.89
924,Tech,2059406,0.02,644,0.7,Low,-0.62,6,High,839703,0.5,0.6,Decline,0.74
925,Healthcare,1064918,0.02,228,0.99,High,-0.2,8,High,50209,0.89,0.8,Stable,0.93
926,Tech,596758,0.0,259,0.77,High,0.9,4,Medium,272071,0.36,0.79,Decline,0.72
927,Tech,4742929,0.06,549,0.64,Low,-0.21,3,Low,710899,0.38,0.19,Growth,0.95
928,Retail,128625,-0.05,513,0.85,High,-0.75,7,Medium,856409,0.42,0.67,Stable,0.78
929,Tech,2933552,0.07,889,0.64,Low,0.05,5,Medium,255214,0.55,0.09,Stable,0.91
930,Tech,3531961,0.06,173,0.95,High,-0.78,2,Low,159920,0.55,0.51,Decline,0.98
931,Healthcare,1376647,0.13,162,0.69,High,-0.59,2,High,440300,0.5,0.16,Growth,0.8
932,Healthcare,4142608,0.15,61,0.77,Medium,1.0,6,Medium,411732,0.31,0.42,Growth,0.85
933,Healthcare,4782315,0.03,175,0.53,High,0.08,8,Low,380828,0.93,0.83,Stable,0.84
934,Healthcare,2627576,-0.01,614,0.71,Medium,-0.43,1,High,280144,0.59,0.99,Growth,0.75
935,Healthcare,416205,-0.02,380,0.92,High,0.99,6,High,960294,0.41,0.32,Decline,0.88
936,Healthcare,3145315,-0.04,950,0.9,Low,0.93,2,Medium,317751,0.65,0.53,Decline,0.92
937,Tech,3244480,-0.08,332,0.61,Low,-0.12,2,High,266194,0.77,0.51,Decline,0.98
938,Healthcare,4395680,0.0,189,0.61,High,-0.48,7,High,406930,0.96,0.95,Decline,0.96
939,Healthcare,3670834,-0.02,450,0.91,High,0.68,10,Low,438550,0.5,0.48,Decline,0.85
940,Retail,3030639,0.19,951,0.97,Low,0.43,1,Low,233011,0.11,0.7,Stable,0.92
941,Tech,2964781,0.07,146,0.55,High,0.37,6,High,723954,0.44,0.92,Decline,0.94
942,Tech,4205519,0.0,566,0.73,Medium,0.79,7,Low,501598,0.48,0.37,Decline,0.85
943,Tech,3717860,0.07,618,0.67,Medium,0.38,8,High,57399,0.9,0.9,Stable,0.73
944,Healthcare,4452360,-0.06,973,0.94,Medium,-0.43,7,Medium,564242,0.39,0.92,Stable,0.83
945,Healthcare,4928761,0.03,895,0.54,Medium,0.39,6,Low,701100,0.95,0.93,Stable,0.95
946,Healthcare,4040285,0.09,118,0.61,Medium,-0.39,9,High,992621,0.49,0.27,Growth,0.88
947,Retail,4757089,0.05,167,0.88,High,0.52,3,High,148662,0.97,0.4,Growth,0.92
948,Healthcare,2727144,0.02,937,0.53,High,0.24,6,Low,345761,0.01,0.87,Decline,0.76
949,Retail,2925896,0.2,108,0.75,Medium,-0.85,4,Low,712858,0.9,0.36,Decline,0.99
950,Tech,2138540,0.16,82,0.72,High,0.03,2,Medium,939258,0.93,0.6,Decline,0.82
951,Healthcare,4976872,0.09,367,0.67,High,-0.31,1,High,822592,0.96,0.12,Growth,0.9
952,Retail,2839956,0.07,99,0.7,Medium,-0.34,1,Medium,966283,0.01,0.06,Decline,0.71
953,Retail,2719980,0.09,929,0.76,High,0.2,10,Medium,423221,0.17,0.41,Decline,0.74
954,Healthcare,821384,-0.04,538,0.58,High,-0.36,3,Medium,887056,0.65,0.58,Growth,0.93
955,Tech,619777,0.02,68,0.79,High,0.55,4,Low,846060,0.03,0.39,Stable,0.99
956,Tech,3799181,-0.09,775,0.9,Medium,-0.86,2,Medium,443545,0.06,0.58,Growth,0.8
957,Tech,2987698,0.04,246,0.88,High,0.32,1,Low,350763,0.22,0.52,Decline,0.71
958,Retail,4330625,0.06,940,0.58,Low,0.62,4,Low,57032,0.51,0.69,Growth,0.81
959,Retail,2532593,-0.03,499,0.57,Low,0.35,7,Medium,753454,0.55,0.65,Stable,0.71
960,Retail,4128812,0.19,608,0.63,Medium,-0.01,10,Medium,350178,0.03,0.42,Stable,0.76
961,Retail,4131464,0.17,728,0.68,Low,0.9,6,High,676946,0.17,0.42,Stable,0.93
962,Tech,3490742,0.12,501,0.7,Medium,-0.4,6,Medium,957555,0.5,0.14,Stable,0.98
963,Healthcare,256498,0.06,338,0.84,Low,-0.96,9,High,565882,0.59,0.51,Stable,0.73
964,Retail,2987296,0.16,190,0.53,Low,-0.14,2,Medium,922590,0.15,0.59,Stable,0.87
965,Retail,4688887,-0.06,133,0.52,Low,-0.93,4,Medium,629552,0.4,0.48,Decline,0.78
966,Tech,2836582,0.14,743,0.7,Medium,0.91,5,Medium,668408,0.9,0.33,Decline,0.74
967,Healthcare,1200500,-0.06,440,0.85,Medium,-0.58,1,Medium,97850,1.0,0.72,Growth,0.77
968,Healthcare,1676590,0.14,640,0.6,High,0.58,8,High,579010,0.99,0.07,Decline,0.87
969,Tech,2061977,-0.02,264,0.82,Medium,0.55,8,High,329916,0.88,0.91,Stable,0.72
970,Tech,4132654,0.16,575,0.63,Low,-0.56,6,Medium,398249,0.39,0.02,Decline,0.83
971,Healthcare,764468,0.18,264,0.94,Low,0.24,5,Medium,484895,0.69,0.96,Growth,0.74
972,Retail,3460160,-0.06,452,0.95,Medium,-0.9,8,High,54576,0.42,0.46,Stable,0.78
973,Healthcare,3385727,0.04,177,0.65,Medium,-0.03,3,Low,732067,0.65,0.41,Decline,0.76
974,Tech,980112,0.19,871,0.61,Medium,-0.97,3,Low,411548,0.31,0.26,Decline,0.96
975,Retail,4652994,0.05,526,0.71,High,0.84,2,Low,484848,0.61,0.01,Growth,0.91
976,Retail,3137099,0.16,809,0.62,Low,0.95,5,High,615764,0.52,0.27,Stable,0.96
977,Tech,4374277,0.08,453,0.84,High,-0.56,3,High,298292,0.02,0.11,Growth,0.82
978,Tech,4095609,0.01,78,0.91,High,-0.58,3,Low,473501,0.79,0.66,Stable,0.79
979,Tech,4928426,-0.01,841,0.84,Low,0.51,6,Low,860586,0.01,0.32,Stable,0.81
980,Healthcare,2142823,-0.04,387,0.91,Low,-0.49,8,Medium,463270,0.29,0.77,Decline,0.71
981,Healthcare,1148173,0.13,880,0.7,Medium,0.79,2,High,329309,0.01,0.21,Growth,0.92
982,Retail,1602025,0.02,763,0.58,Medium,0.15,4,High,64439,0.38,0.9,Growth,0.8
983,Tech,2691661,0.05,410,0.87,High,-0.3,7,Low,430355,0.06,0.52,Growth,0.79
984,Retail,2012584,0.05,618,0.68,Medium,0.67,1,Low,618806,0.91,0.11,Stable,0.88
985,Retail,3877538,0.07,441,0.84,Medium,-0.01,1,High,269123,0.42,0.4,Growth,0.83
986,Retail,325049,0.16,267,0.64,Low,0.82,10,Medium,601250,0.46,0.21,Stable,0.99
987,Retail,1417191,0.19,623,0.54,Low,0.86,7,Low,813445,0.35,0.2,Growth,0.81
988,Tech,2961509,0.02,718,1.0,Medium,-0.67,7,High,349907,0.63,0.51,Growth,0.88
989,Retail,847419,0.15,251,0.58,Low,-1.0,1,High,166189,0.78,0.67,Decline,0.79
990,Tech,1179924,0.13,66,0.99,Medium,0.97,1,Medium,160290,0.65,0.91,Growth,1.0
991,Tech,2480932,0.07,371,0.99,Low,0.81,4,Medium,947246,0.75,0.5,Decline,0.83
992,Healthcare,1754753,0.19,567,0.9,Low,-0.89,5,Low,855896,0.91,0.97,Decline,0.89
993,Tech,504772,-0.04,619,0.83,Low,0.67,5,Low,173980,0.86,0.94,Stable,0.74
994,Healthcare,1815499,-0.07,374,0.79,Low,-0.08,4,Low,277021,0.67,0.87,Growth,0.92
995,Tech,671107,0.16,461,0.93,Medium,-0.48,8,High,738630,0.21,0.5,Growth,0.78
996,Tech,2175406,0.03,367,0.64,High,0.76,7,Low,92299,0.64,0.14,Growth,0.83
997,Tech,2617334,0.15,730,0.73,Low,-0.61,9,High,791165,0.51,0.22,Decline,0.96
998,Healthcare,2186213,0.17,131,0.81,Medium,0.89,7,Low,81541,0.72,0.65,Growth,0.99
999,Healthcare,3458509,-0.08,523,0.71,Medium,-0.59,10,Medium,385689,0.83,0.42,Stable,0.83
1000,Retail,2879499,0.17,517,0.71,Low,0.23,1,Medium,525759,0.74,0.15,Stable,0.95
